assay_chembl_id,compound_chembl_id,canonical_smiles,pchembl_value,standardized_smiles
CHEMBL900940,CHEMBL239420,CC(C)C1SC(Nc2ccccc2)=NC1=O,6.51,CC(C)c1sc(=Nc2ccccc2)[nH]c1O
CHEMBL900940,CHEMBL393908,CC(C)[C@@H]1SC(Nc2ccccc2F)=NC1=O,7.01,CC(C)c1sc(=Nc2ccccc2F)[nH]c1O
CHEMBL900940,CHEMBL240269,O=C1N=C(Nc2ccccc2F)SC1C1CCCC1,7.72,Oc1[nH]c(=Nc2ccccc2F)sc1C1CCCC1
CHEMBL900940,CHEMBL240052,O=C1N=C(Nc2ccccc2Cl)SC1C1CCCC1,7.77,Oc1[nH]c(=Nc2ccccc2Cl)sc1C1CCCC1
CHEMBL900940,CHEMBL240053,O=C1N=C(Nc2ccccc2F)SC1C1CCCCC1,7.37,Oc1[nH]c(=Nc2ccccc2F)sc1C1CCCCC1
CHEMBL900940,CHEMBL238097,COc1ccccc1NC1=NC(=O)C(C(C)C)S1,5.82,COc1ccccc1N=c1[nH]c(O)c(C(C)C)s1
CHEMBL900940,CHEMBL238309,CC(C)C1SC(Nc2ccccn2)=NC1=O,5.85,CC(C)c1sc(=Nc2ccccn2)[nH]c1O
CHEMBL900940,CHEMBL237463,CC(C)C1SC(Nc2ccc(C3CCCCC3)cc2)=NC1=O,5.48,CC(C)c1sc(=Nc2ccc(C3CCCCC3)cc2)[nH]c1O
CHEMBL900940,CHEMBL240039,O=C1N=C(Nc2ccccc2Cl)SC1C1CCCCC1,7.48,Oc1[nH]c(=Nc2ccccc2Cl)sc1C1CCCCC1
CHEMBL900940,CHEMBL236175,CC(C)C1SC(Nc2ccc(F)cc2F)=NC1=O,7.35,CC(C)c1sc(=Nc2ccc(F)cc2F)[nH]c1O
CHEMBL900940,CHEMBL236999,CC(C)C1SC(Nc2ccc(F)cc2)=NC1=O,6.64,CC(C)c1sc(=Nc2ccc(F)cc2)[nH]c1O
CHEMBL900940,CHEMBL238312,CC(C)C1SC(Nc2ccc(Cl)cc2Cl)=NC1=O,7.4,CC(C)c1sc(=Nc2ccc(Cl)cc2Cl)[nH]c1O
CHEMBL900940,CHEMBL236174,CC(C)C1SC(Nc2cc(F)ccc2F)=NC1=O,7.55,CC(C)c1sc(=Nc2cc(F)ccc2F)[nH]c1O
CHEMBL900940,CHEMBL239191,CC(C)C1SC(Nc2cccc3[nH]ccc23)=NC1=O,6.44,CC(C)c1sc(=Nc2cccc3[nH]ccc23)[nH]c1O
CHEMBL900940,CHEMBL392241,CC(C)C1SC(Nc2c(Cl)cccc2Cl)=NC1=O,7.68,CC(C)c1sc(=Nc2c(Cl)cccc2Cl)[nH]c1O
CHEMBL900940,CHEMBL238095,Cc1ccccc1NC1=NC(=O)C(C(C)C)S1,6.92,Cc1ccccc1N=c1[nH]c(O)c(C(C)C)s1
CHEMBL900940,CHEMBL396618,CC(C)C1SC(Nc2ccccc2C(F)(F)F)=NC1=O,7.55,CC(C)c1sc(=Nc2ccccc2C(F)(F)F)[nH]c1O
CHEMBL900940,CHEMBL429456,CC(C)C1SC(Nc2cccc3cnccc23)=NC1=O,6.7,CC(C)c1sc(=Nc2cccc3cnccc23)[nH]c1O
CHEMBL900940,CHEMBL235762,CC(C)C1SC(Nc2ccccc2Cl)=NC1=O,8.0,CC(C)c1sc(=Nc2ccccc2Cl)[nH]c1O
CHEMBL900940,CHEMBL238975,CC(C)C1SC(Nc2ccc3[nH]ncc3c2)=NC1=O,5.82,CC(C)c1sc(=Nc2ccc3[nH]ncc3c2)[nH]c1O
CHEMBL887782,CHEMBL238794,O=C(CS(=O)(=O)c1ccccc1)c1ccc(-c2ccc(Cl)cc2Cl)o1,6.77,O=C(CS(=O)(=O)c1ccccc1)c1ccc(-c2ccc(Cl)cc2Cl)o1
CHEMBL887782,CHEMBL392808,Cc1ccc(C(=O)CS(=O)(=O)c2ccccc2)cc1,6.99,Cc1ccc(C(=O)CS(=O)(=O)c2ccccc2)cc1
CHEMBL887782,CHEMBL393285,CCOC(=O)CC(C)(C)C(=O)CS(=O)(=O)c1ccccc1,5.3,CCOC(=O)CC(C)(C)C(=O)CS(=O)(=O)c1ccccc1
CHEMBL887782,CHEMBL397827,O=C(CCS(=O)(=O)c1ccccc1)c1ccc(F)cc1,4.71,O=C(CCS(=O)(=O)c1ccccc1)c1ccc(F)cc1
CHEMBL887782,CHEMBL241160,O=C(c1ccccc1)N(Cc1ccccc1)S(=O)(=O)c1ccccc1,5.24,O=C(c1ccccc1)N(Cc1ccccc1)S(=O)(=O)c1ccccc1
CHEMBL887782,CHEMBL239261,Cc1ccc(C(=O)CS(=O)(=O)c2ccccc2)c(C)c1,5.92,Cc1ccc(C(=O)CS(=O)(=O)c2ccccc2)c(C)c1
CHEMBL887782,CHEMBL239469,O=C(CS(=O)(=O)c1ccccc1)C(c1ccccc1)c1ccccc1,5.54,O=C(CS(=O)(=O)c1ccccc1)C(c1ccccc1)c1ccccc1
CHEMBL887782,CHEMBL341324,CCN(CC)C(=O)Cc1csc(NS(=O)(=O)c2cccc(Cl)c2C)n1,5.82,CCN(CC)C(=O)Cc1csc(=NS(=O)(=O)c2cccc(Cl)c2C)[nH]1
CHEMBL887782,CHEMBL392809,CN(C(=O)c1ccccc1)S(=O)(=O)c1ccccc1,4.45,CN(C(=O)c1ccccc1)S(=O)(=O)c1ccccc1
CHEMBL887782,CHEMBL238835,O=C(CS(=O)(=O)c1ccccc1)c1ccc(Cl)c(Cl)c1,7.0,O=C(CS(=O)(=O)c1ccccc1)c1ccc(Cl)c(Cl)c1
CHEMBL887782,CHEMBL240292,O=C(CCS(=O)(=O)c1ccccc1)c1ccccc1,4.76,O=C(CCS(=O)(=O)c1ccccc1)c1ccccc1
CHEMBL887782,CHEMBL238832,O=C(CS(=O)(=O)c1ccccc1)c1ccc(F)cc1,7.05,O=C(CS(=O)(=O)c1ccccc1)c1ccc(F)cc1
CHEMBL887782,CHEMBL239044,CCN(CC)c1ccc(C(=O)CS(=O)(=O)c2ccccc2)cc1,5.36,CCN(CC)c1ccc(C(=O)CS(=O)(=O)c2ccccc2)cc1
CHEMBL887782,CHEMBL393284,O=C(CS(=O)(=O)c1ccccc1)c1ccc([N+](=O)[O-])cc1,5.88,O=C(CS(=O)(=O)c1ccccc1)c1ccc([N+](=O)[O-])cc1
CHEMBL887782,CHEMBL393079,COc1cccc(C(=O)CS(=O)(=O)c2ccccc2)c1,7.22,COc1cccc(C(=O)CS(=O)(=O)c2ccccc2)c1
CHEMBL887782,CHEMBL238851,O=C(CS(=O)(=O)c1ccccc1)c1ccsc1,6.46,O=C(CS(=O)(=O)c1ccccc1)c1ccsc1
CHEMBL887782,CHEMBL240503,O=C(CCS(=O)(=O)c1ccccc1)c1ccc(Cl)cc1,4.62,O=C(CCS(=O)(=O)c1ccccc1)c1ccc(Cl)cc1
CHEMBL887782,CHEMBL240980,CC(C)(C)C(=O)CS(=O)(=O)c1ccccc1,4.05,CC(C)(C)C(=O)CS(=O)(=O)c1ccccc1
CHEMBL887782,CHEMBL238620,COc1ccc(C(=O)CS(=O)(=O)c2ccccc2)cc1,7.12,COc1ccc(C(=O)CS(=O)(=O)c2ccccc2)cc1
CHEMBL887782,CHEMBL383146,O=C(CS(=O)(=O)c1ccccc1)c1ccc(C(F)(F)F)cc1,6.73,O=C(CS(=O)(=O)c1ccccc1)c1ccc(C(F)(F)F)cc1
CHEMBL887782,CHEMBL239262,COc1ccc(OC)c(C(=O)CS(=O)(=O)c2ccccc2)c1,5.03,COc1ccc(OC)c(C(=O)CS(=O)(=O)c2ccccc2)c1
CHEMBL887782,CHEMBL240075,Cc1c(C(=O)CS(=O)(=O)c2ccccc2)sc2ccccc12,6.28,Cc1c(C(=O)CS(=O)(=O)c2ccccc2)sc2ccccc12
CHEMBL887782,CHEMBL240761,CCC(=O)CS(=O)(=O)c1ccccc1,4.82,CCC(=O)CS(=O)(=O)c1ccccc1
CHEMBL887782,CHEMBL240288,O=C(CS(=O)(=O)c1ccccc1)c1ccc(-c2ccccc2)s1,6.87,O=C(CS(=O)(=O)c1ccccc1)c1ccc(-c2ccccc2)s1
CHEMBL887782,CHEMBL238834,O=C(CS(=O)(=O)c1ccccc1)c1ccc(Cl)cc1,6.7,O=C(CS(=O)(=O)c1ccccc1)c1ccc(Cl)cc1
CHEMBL887782,CHEMBL239675,O=S(=O)(CC(O)c1ccc(C(F)(F)F)cc1)c1ccccc1,4.0,O=S(=O)(CC(O)c1ccc(C(F)(F)F)cc1)c1ccccc1
CHEMBL887782,CHEMBL240504,O=C(CCS(=O)(=O)c1ccccc1)c1ccc(Br)cc1,4.6,O=C(CCS(=O)(=O)c1ccccc1)c1ccc(Br)cc1
CHEMBL1013098,CHEMBL519623,C[C@@H]1CN(c2ccc(F)cc2C(F)(F)F)CCN1S(=O)(=O)c1cccc(N2CC[C@H](O)C2)c1,7.55,C[C@@H]1CN(c2ccc(F)cc2C(F)(F)F)CCN1S(=O)(=O)c1cccc(N2CC[C@H](O)C2)c1
CHEMBL1013098,CHEMBL480941,C[C@@H]1CN(c2ccc(F)cc2C(F)(F)F)CCN1S(=O)(=O)c1cccc(-n2cnnc2)c1,6.92,C[C@@H]1CN(c2ccc(F)cc2C(F)(F)F)CCN1S(=O)(=O)c1cccc(-n2cnnc2)c1
CHEMBL1013098,CHEMBL481957,C[C@@H]1CN(c2ccc(F)cc2C(F)(F)F)CCN1S(=O)(=O)c1cccc(N2CCCCC2)c1,7.82,C[C@@H]1CN(c2ccc(F)cc2C(F)(F)F)CCN1S(=O)(=O)c1cccc(N2CCCCC2)c1
CHEMBL1013098,CHEMBL521437,C[C@@H]1CN(c2ccc(F)cc2C(F)(F)F)CCN1S(=O)(=O)c1cccc(N2CCC(C(N)=O)C2)c1,7.5,C[C@@H]1CN(c2ccc(F)cc2C(F)(F)F)CCN1S(=O)(=O)c1cccc(N2CCC(C(N)=O)C2)c1
CHEMBL1013098,CHEMBL519129,CC(C)N1CCN(c2cccc(S(=O)(=O)N3CCN(c4ccc(F)cc4C(F)(F)F)C[C@H]3C)c2)CC1,6.31,CC(C)N1CCN(c2cccc(S(=O)(=O)N3CCN(c4ccc(F)cc4C(F)(F)F)C[C@H]3C)c2)CC1
CHEMBL1013098,CHEMBL481133,C[C@@H]1CN(c2ncccc2Cl)[C@@H](C)CN1S(=O)(=O)c1ccc(Cl)c(Cl)c1,5.8,C[C@@H]1CN(c2ncccc2Cl)[C@@H](C)CN1S(=O)(=O)c1ccc(Cl)c(Cl)c1
CHEMBL1013098,CHEMBL501249,C[C@@H]1CN(c2ccc(F)cc2C(F)(F)F)CCN1S(=O)(=O)c1cccc(N2CCCC2)c1,7.21,C[C@@H]1CN(c2ccc(F)cc2C(F)(F)F)CCN1S(=O)(=O)c1cccc(N2CCCC2)c1
CHEMBL1013098,CHEMBL480164,O=C1CN(S(=O)(=O)c2ccc(Cl)c(Cl)c2)CCN1c1ncccc1C(F)(F)F,5.0,O=C1CN(S(=O)(=O)c2ccc(Cl)c(Cl)c2)CCN1c1ncccc1C(F)(F)F
CHEMBL1013098,CHEMBL521979,C[C@@H]1CN(c2ccc(F)cc2C(F)(F)F)CCN1S(=O)(=O)c1cccc(-n2cccn2)c1,7.89,C[C@@H]1CN(c2ccc(F)cc2C(F)(F)F)CCN1S(=O)(=O)c1cccc(-n2cccn2)c1
CHEMBL1013098,CHEMBL521270,C[C@@H]1CN(c2ncccc2Cl)C[C@H](C)N1S(=O)(=O)c1ccc(Cl)c(Cl)c1,5.89,C[C@@H]1CN(c2ncccc2Cl)C[C@H](C)N1S(=O)(=O)c1ccc(Cl)c(Cl)c1
CHEMBL1013098,CHEMBL479607,C[C@@H]1CN(c2ccc(F)cc2C(F)(F)F)CCN1S(=O)(=O)c1cccc(N2CCC(C(=O)O)C2)c1,6.8,C[C@@H]1CN(c2ccc(F)cc2C(F)(F)F)CCN1S(=O)(=O)c1cccc(N2CCC(C(=O)O)C2)c1
CHEMBL1013098,CHEMBL520096,C[C@@H]1CN(c2ccc(F)cc2C(F)(F)F)CCN1S(=O)(=O)c1cccc(N2CCC(O)C2)c1,8.0,C[C@@H]1CN(c2ccc(F)cc2C(F)(F)F)CCN1S(=O)(=O)c1cccc(N2CCC(O)C2)c1
CHEMBL1013098,CHEMBL448345,C[C@@H]1CN(c2ccccc2C(F)(F)F)CCN1S(=O)(=O)c1ccc(Cl)c(Cl)c1,8.0,C[C@@H]1CN(c2ccccc2C(F)(F)F)CCN1S(=O)(=O)c1ccc(Cl)c(Cl)c1
CHEMBL1013098,CHEMBL521832,C[C@@H]1CN(c2ccc(F)cc2C(F)(F)F)CCN1S(=O)(=O)c1cccc(-n2ccnc2)c1,7.13,C[C@@H]1CN(c2ccc(F)cc2C(F)(F)F)CCN1S(=O)(=O)c1cccc(-n2ccnc2)c1
CHEMBL1013098,CHEMBL479992,O=S(=O)(c1ccc(Cl)c(Cl)c1)N1CCN(c2ccccc2C(F)(F)F)CC1,7.28,O=S(=O)(c1ccc(Cl)c(Cl)c1)N1CCN(c2ccccc2C(F)(F)F)CC1
CHEMBL1013098,CHEMBL479412,C[C@@H]1CN(c2ccc(F)cc2C(F)(F)F)CCN1S(=O)(=O)c1cccc(N2CC[C@@H](O)C2)c1,8.0,C[C@@H]1CN(c2ccc(F)cc2C(F)(F)F)CCN1S(=O)(=O)c1cccc(N2CC[C@@H](O)C2)c1
CHEMBL1013098,CHEMBL479809,C[C@@H]1CN(c2ccc(F)cc2C(F)(F)F)CCN1S(=O)(=O)c1cccc(N2CCCC2C(=O)O)c1,7.16,C[C@@H]1CN(c2ccc(F)cc2C(F)(F)F)CCN1S(=O)(=O)c1cccc(N2CCCC2C(=O)O)c1
CHEMBL1013098,CHEMBL518303,C[C@@H]1CN(c2ccc(F)cc2C(F)(F)F)CCN1S(=O)(=O)c1cccc(-n2cncn2)c1,7.58,C[C@@H]1CN(c2ccc(F)cc2C(F)(F)F)CCN1S(=O)(=O)c1cccc(-n2cncn2)c1
CHEMBL1013098,CHEMBL516762,O=S(=O)(c1ccc(Cl)c(Cl)c1)N1CCN(c2ccc(F)cc2C(F)(F)F)CC1,7.17,O=S(=O)(c1ccc(Cl)c(Cl)c1)N1CCN(c2ccc(F)cc2C(F)(F)F)CC1
CHEMBL1013098,CHEMBL516457,COC(=O)N1CCN(c2cccc(S(=O)(=O)N3CCN(c4ccc(F)cc4C(F)(F)F)C[C@H]3C)c2)CC1,6.48,COC(=O)N1CCN(c2cccc(S(=O)(=O)N3CCN(c4ccc(F)cc4C(F)(F)F)C[C@H]3C)c2)CC1
CHEMBL1013098,CHEMBL449149,O=C1CN(c2ncccc2C(F)(F)F)CCN1S(=O)(=O)c1ccc(Cl)c(Cl)c1,6.3,O=C1CN(c2ncccc2C(F)(F)F)CCN1S(=O)(=O)c1ccc(Cl)c(Cl)c1
CHEMBL1013098,CHEMBL520590,CCN1CCN(c2cccc(S(=O)(=O)N3CCN(c4ccc(F)cc4C(F)(F)F)C[C@H]3C)c2)CC1,7.52,CCN1CCN(c2cccc(S(=O)(=O)N3CCN(c4ccc(F)cc4C(F)(F)F)C[C@H]3C)c2)CC1
CHEMBL1013098,CHEMBL520288,CCNC(=O)N1CCN(c2cccc(S(=O)(=O)N3CCN(c4ccc(F)cc4C(F)(F)F)C[C@H]3C)c2)CC1,6.43,CCNC(=O)N1CCN(c2cccc(S(=O)(=O)N3CCN(c4ccc(F)cc4C(F)(F)F)C[C@H]3C)c2)CC1
CHEMBL1013098,CHEMBL519792,C[C@@H]1CN(c2ccc(F)cc2C(F)(F)F)CCN1S(=O)(=O)c1cccc(N2CCOCC2)c1,7.89,C[C@@H]1CN(c2ccc(F)cc2C(F)(F)F)CCN1S(=O)(=O)c1cccc(N2CCOCC2)c1
CHEMBL1013098,CHEMBL492433,C[C@@H]1CN(c2ccc(F)cc2C(F)(F)F)CCN1S(=O)(=O)c1cccc(OC(C)(C)C(=O)O)c1,6.52,C[C@@H]1CN(c2ccc(F)cc2C(F)(F)F)CCN1S(=O)(=O)c1cccc(OC(C)(C)C(=O)O)c1
CHEMBL1013098,CHEMBL448412,O=S(=O)(c1ccc(Cl)c(Cl)c1)N1CCN(c2ncccc2C(F)(F)F)CC1,7.21,O=S(=O)(c1ccc(Cl)c(Cl)c1)N1CCN(c2ncccc2C(F)(F)F)CC1
CHEMBL1013098,CHEMBL481313,C[C@@H]1CN(c2ccc(F)cc2C(F)(F)F)CCN1S(=O)(=O)c1cccc(N2CCN(C)CC2)c1,7.68,C[C@@H]1CN(c2ccc(F)cc2C(F)(F)F)CCN1S(=O)(=O)c1cccc(N2CCN(C)CC2)c1
CHEMBL1013098,CHEMBL479606,COC(=O)C1CCN(c2cccc(S(=O)(=O)N3CCN(c4ccc(F)cc4C(F)(F)F)C[C@H]3C)c2)C1,7.96,COC(=O)C1CCN(c2cccc(S(=O)(=O)N3CCN(c4ccc(F)cc4C(F)(F)F)C[C@H]3C)c2)C1
CHEMBL1013588,CHEMBL518506,C[C@H](NC1=NC(=O)C(C)(c2ccc(CO)cc2)S1)c1ccc(F)cc1,6.96,C[C@H](N=C1NC(=O)C(C)(c2ccc(CO)cc2)S1)c1ccc(F)cc1
CHEMBL1013588,CHEMBL459966,C[C@H](NC1=NC(=O)C(C)(c2ccc(C3(C(N)=O)CC3)cc2)S1)c1ccc(F)cc1,6.96,C[C@H](N=C1NC(=O)C(C)(c2ccc(C3(C(N)=O)CC3)cc2)S1)c1ccc(F)cc1
CHEMBL1013588,CHEMBL516847,C[C@H](NC1=NC(=O)C(C)(c2ccc(C(N)=O)cc2)S1)c1ccc(F)cc1,7.1,C[C@H](N=C1NC(=O)C(C)(c2ccc(C(N)=O)cc2)S1)c1ccc(F)cc1
CHEMBL1013588,CHEMBL455893,C[C@H](NC1=NC(=O)C(C)(C(C)(C)O)S1)c1cccc(F)c1,6.75,C[C@H](N=C1NC(=O)C(C)(C(C)(C)O)S1)c1cccc(F)c1
CHEMBL1013588,CHEMBL517874,C[C@H](NC1=NC(=O)C(C)(C2(O)CCCC2)S1)c1ccc(F)cc1,7.96,C[C@H](N=C1NC(=O)C(C)(C2(O)CCCC2)S1)c1ccc(F)cc1
CHEMBL1013588,CHEMBL456539,C[C@H](NC1=NC(=O)[C@@](C)(C(C)(C)O)S1)c1ccc(F)cc1,6.52,C[C@H](N=C1NC(=O)[C@@](C)(C(C)(C)O)S1)c1ccc(F)cc1
CHEMBL1013588,CHEMBL462304,O=C(Nc1cccc(C(=O)N2CCC[C@@H]3CCCC[C@H]32)c1)c1ccccc1,7.85,O=C(Nc1cccc(C(=O)N2CCC[C@@H]3CCCC[C@H]32)c1)c1ccccc1
CHEMBL1013588,CHEMBL462305,Cc1cccc(C(C)(C)C(=O)NC2C3CC4CC2CC(O)(C4)C3)c1,8.3,Cc1cccc(C(C)(C)C(=O)NC2C3CC4CC2CC(O)(C4)C3)c1
CHEMBL1013588,CHEMBL456538,C[C@H](NC1=NC(=O)C(C)(C(C)(C)O)S1)c1ccccc1C(F)(F)F,7.37,C[C@H](N=C1NC(=O)C(C)(C(C)(C)O)S1)c1ccccc1C(F)(F)F
CHEMBL1013588,CHEMBL461878,C[C@H](NC1=NC(=O)C(C)(CC(C)(C)O)S1)c1ccc(F)cc1,6.51,C[C@H](N=C1NC(=O)C(C)(CC(C)(C)O)S1)c1ccc(F)cc1
CHEMBL1013588,CHEMBL458086,C[C@H](NC1=NC(=O)C(C)(c2ccc(F)cc2)S1)c1ccc(F)cc1,7.28,C[C@H](N=C1NC(=O)C(C)(c2ccc(F)cc2)S1)c1ccc(F)cc1
CHEMBL1013588,CHEMBL456537,C[C@H](NC1=NC(=O)C(C)(C(C)(C)O)S1)c1ccccc1F,7.16,C[C@H](N=C1NC(=O)C(C)(C(C)(C)O)S1)c1ccccc1F
CHEMBL1013588,CHEMBL517865,C[C@H](NC1=NC(=O)C(C)(c2ccc(CCO)cc2)S1)c1ccc(F)cc1,6.89,C[C@H](N=C1NC(=O)C(C)(c2ccc(CCO)cc2)S1)c1ccc(F)cc1
CHEMBL1013588,CHEMBL460393,C[C@H](NC1=NC(=O)C(C)(C2(O)CCC2)S1)c1ccc(F)cc1,7.5,C[C@H](N=C1NC(=O)C(C)(C2(O)CCC2)S1)c1ccc(F)cc1
CHEMBL1013588,CHEMBL517864,C[C@H](NC1=NC(=O)C(C)(c2ccc(CCC(N)=O)cc2)S1)c1ccc(F)cc1,6.17,C[C@H](N=C1NC(=O)C(C)(c2ccc(CCC(N)=O)cc2)S1)c1ccc(F)cc1
CHEMBL1013588,CHEMBL455907,C[C@H](NC1=NC(=O)[C@](C)(C(C)(C)O)S1)c1ccc(F)cc1,7.47,C[C@H](N=C1NC(=O)[C@](C)(C(C)(C)O)S1)c1ccc(F)cc1
CHEMBL1013588,CHEMBL461879,C[C@H](NC1=NC(=O)C(C)(C(C)(C)O)S1)c1ccc(F)cc1,7.29,C[C@H](N=C1NC(=O)C(C)(C(C)(C)O)S1)c1ccc(F)cc1
CHEMBL1013588,CHEMBL512731,C[C@H](NC1=NC(=O)C(C)(C(C)(C)O)S1)c1ccc(Cl)cc1,7.11,C[C@H](N=C1NC(=O)C(C)(C(C)(C)O)S1)c1ccc(Cl)cc1
CHEMBL1013588,CHEMBL512907,C[C@H](NC1=NC(=O)C(C)(C(C)(C)O)S1)c1ccccc1Cl,7.75,C[C@H](N=C1NC(=O)C(C)(C(C)(C)O)S1)c1ccccc1Cl
CHEMBL1013588,CHEMBL375156,CC(C(=O)N[C@H]1C2CC3CC1C[C@](O)(C3)C2)N1CCN(c2ccc(C(F)(F)F)cn2)CC1,8.3,CC(C(=O)N[C@H]1C2CC3CC1C[C@](O)(C3)C2)N1CCN(c2ccc(C(F)(F)F)cn2)CC1
CHEMBL1052405,CHEMBL550554,C[C@@H]1CN(c2ccc(F)cc2C(F)(F)F)CCN1S(=O)(=O)c1ccc(OC(F)F)cc1Cl,7.75,C[C@@H]1CN(c2ccc(F)cc2C(F)(F)F)CCN1S(=O)(=O)c1ccc(OC(F)F)cc1Cl
CHEMBL1052405,CHEMBL562695,C[C@@H]1CN(c2ccc(F)cc2C(F)(F)F)CCN1S(=O)(=O)c1ccc(N2CCC(F)CC2)cc1Cl,7.3,C[C@@H]1CN(c2ccc(F)cc2C(F)(F)F)CCN1S(=O)(=O)c1ccc(N2CCC(F)CC2)cc1Cl
CHEMBL1052405,CHEMBL552056,COCCOc1ccc(S(=O)(=O)N2CCN(c3ccc(F)cc3C(F)(F)F)C[C@H]2C)c(Cl)c1,7.51,COCCOc1ccc(S(=O)(=O)N2CCN(c3ccc(F)cc3C(F)(F)F)C[C@H]2C)c(Cl)c1
CHEMBL1052405,CHEMBL564733,C[C@@H]1CN(c2ccc(F)cc2C(F)(F)F)CCN1S(=O)(=O)c1ccc(N2CCNCC2=O)cc1Cl,7.75,C[C@@H]1CN(c2ccc(F)cc2C(F)(F)F)CCN1S(=O)(=O)c1ccc(N2CCNCC2=O)cc1Cl
CHEMBL1052405,CHEMBL551186,C[C@@H]1CN(c2ccc(F)cc2C(F)(F)F)CCN1S(=O)(=O)c1ccc(C#N)cc1,8.0,C[C@@H]1CN(c2ccc(F)cc2C(F)(F)F)CCN1S(=O)(=O)c1ccc(C#N)cc1
CHEMBL1052405,CHEMBL561782,C[C@@H]1CN(c2ccc(F)cc2C(F)(F)F)CCN1S(=O)(=O)c1ccc(N2CCNC(=O)C2)cc1Cl,8.0,C[C@@H]1CN(c2ccc(F)cc2C(F)(F)F)CCN1S(=O)(=O)c1ccc(N2CCNC(=O)C2)cc1Cl
CHEMBL1052405,CHEMBL563106,C[C@@H]1CN(c2ccc(F)cc2C(F)(F)F)CCN1S(=O)(=O)c1ccc(-c2nnn[nH]2)cc1,6.17,C[C@@H]1CN(c2ccc(F)cc2C(F)(F)F)CCN1S(=O)(=O)c1ccc(-c2nn[nH]n2)cc1
CHEMBL1052405,CHEMBL562984,C[C@@H]1CN(c2ccc(F)cc2C(F)(F)F)CCN1S(=O)(=O)c1ccc(NC(=O)N2CCOCC2)cc1Cl,6.94,C[C@@H]1CN(c2ccc(F)cc2C(F)(F)F)CCN1S(=O)(=O)c1ccc(NC(=O)N2CCOCC2)cc1Cl
CHEMBL1052405,CHEMBL560059,C[C@@H]1CN(c2ccc(F)cc2C(F)(F)F)CCN1S(=O)(=O)c1ccc(OCCN(C)C)cc1Cl,7.04,C[C@@H]1CN(c2ccc(F)cc2C(F)(F)F)CCN1S(=O)(=O)c1ccc(OCCN(C)C)cc1Cl
CHEMBL1052405,CHEMBL561252,C[C@@H]1CN(c2ccc(F)cc2C(F)(F)F)CCN1S(=O)(=O)c1ccc(N(C)C)cc1Cl,7.82,C[C@@H]1CN(c2ccc(F)cc2C(F)(F)F)CCN1S(=O)(=O)c1ccc(N(C)C)cc1Cl
CHEMBL1052405,CHEMBL563036,C[C@@H]1CN(c2ccc(F)cc2C(F)(F)F)CCN1S(=O)(=O)c1ccc(O)cc1Cl,7.3,C[C@@H]1CN(c2ccc(F)cc2C(F)(F)F)CCN1S(=O)(=O)c1ccc(O)cc1Cl
CHEMBL1052405,CHEMBL563199,C[C@@H]1CN(c2ccc(F)cc2C(F)(F)F)CCN1S(=O)(=O)c1ccc(N2CCC(N(C)C)CC2)cc1Cl,7.82,C[C@@H]1CN(c2ccc(F)cc2C(F)(F)F)CCN1S(=O)(=O)c1ccc(N2CCC(N(C)C)CC2)cc1Cl
CHEMBL1052405,CHEMBL549954,C[C@@H]1CN(c2ccc(F)cc2C(F)(F)F)CCN1S(=O)(=O)c1ccc(N2CCCCC2)cc1,6.72,C[C@@H]1CN(c2ccc(F)cc2C(F)(F)F)CCN1S(=O)(=O)c1ccc(N2CCCCC2)cc1
CHEMBL1052405,CHEMBL549961,C[C@@H]1CN(c2ccc(F)cc2C(F)(F)F)CCN1S(=O)(=O)c1ccc(N2CCCC2)cc1Cl,7.96,C[C@@H]1CN(c2ccc(F)cc2C(F)(F)F)CCN1S(=O)(=O)c1ccc(N2CCCC2)cc1Cl
CHEMBL1052405,CHEMBL550560,C[C@@H]1CN(c2ccc(F)cc2C(F)(F)F)CCN1S(=O)(=O)c1ccc(C#N)cc1Cl,7.8,C[C@@H]1CN(c2ccc(F)cc2C(F)(F)F)CCN1S(=O)(=O)c1ccc(C#N)cc1Cl
CHEMBL1052405,CHEMBL560652,C[C@@H]1CN(c2ccc(F)cc2C(F)(F)F)CCN1S(=O)(=O)c1ccc(OC(F)(F)F)cc1,6.7,C[C@@H]1CN(c2ccc(F)cc2C(F)(F)F)CCN1S(=O)(=O)c1ccc(OC(F)(F)F)cc1
CHEMBL1052405,CHEMBL561251,C[C@@H]1CN(c2ccc(F)cc2C(F)(F)F)CCN1S(=O)(=O)c1ccc(Br)cc1Cl,8.0,C[C@@H]1CN(c2ccc(F)cc2C(F)(F)F)CCN1S(=O)(=O)c1ccc(Br)cc1Cl
CHEMBL1052405,CHEMBL562177,C[C@@H]1CN(c2ccc(F)cc2C(F)(F)F)CCN1S(=O)(=O)c1ccc(OC(C)(C)C)cc1Cl,7.4,C[C@@H]1CN(c2ccc(F)cc2C(F)(F)F)CCN1S(=O)(=O)c1ccc(OC(C)(C)C)cc1Cl
CHEMBL1052405,CHEMBL551586,COc1ccc(S(=O)(=O)N2CCN(c3ccc(F)cc3C(F)(F)F)C[C@H]2C)cc1,7.7,COc1ccc(S(=O)(=O)N2CCN(c3ccc(F)cc3C(F)(F)F)C[C@H]2C)cc1
CHEMBL1052405,CHEMBL550175,C[C@@H]1CN(c2ccc(F)cc2C(F)(F)F)CCN1S(=O)(=O)c1ccc(C(N)=O)cc1Cl,8.0,C[C@@H]1CN(c2ccc(F)cc2C(F)(F)F)CCN1S(=O)(=O)c1ccc(C(N)=O)cc1Cl
CHEMBL1052405,CHEMBL560775,C[C@@H]1CN(c2ccc(F)cc2C(F)(F)F)CCN1S(=O)(=O)c1ccc(C(N)=O)cc1,6.2,C[C@@H]1CN(c2ccc(F)cc2C(F)(F)F)CCN1S(=O)(=O)c1ccc(C(N)=O)cc1
CHEMBL1052405,CHEMBL560514,C[C@@H]1CN(c2ccc(F)cc2C(F)(F)F)CCN1S(=O)(=O)c1ccc(N2CCC(C(=O)O)CC2)cc1Cl,8.0,C[C@@H]1CN(c2ccc(F)cc2C(F)(F)F)CCN1S(=O)(=O)c1ccc(N2CCC(C(=O)O)CC2)cc1Cl
CHEMBL1052405,CHEMBL552394,C[C@@H]1CN(c2ccc(F)cc2C(F)(F)F)CCN1S(=O)(=O)c1ccc(N2CCOCC2)cc1Cl,8.0,C[C@@H]1CN(c2ccc(F)cc2C(F)(F)F)CCN1S(=O)(=O)c1ccc(N2CCOCC2)cc1Cl
CHEMBL1052405,CHEMBL554905,C[C@@H]1CN(c2ccc(F)cc2C(F)(F)F)CCN1S(=O)(=O)c1ccc(N2CCC(F)(F)CC2)cc1Cl,7.13,C[C@@H]1CN(c2ccc(F)cc2C(F)(F)F)CCN1S(=O)(=O)c1ccc(N2CCC(F)(F)CC2)cc1Cl
CHEMBL1052405,CHEMBL557500,C[C@@H]1CN(c2ccc(F)cc2C(F)(F)F)CCN1S(=O)(=O)c1ccc(N2CCOCC2)cc1,7.0,C[C@@H]1CN(c2ccc(F)cc2C(F)(F)F)CCN1S(=O)(=O)c1ccc(N2CCOCC2)cc1
CHEMBL1052405,CHEMBL564385,C[C@@H]1CN(c2ccc(F)cc2C(F)(F)F)CCN1S(=O)(=O)c1ccc(N2CCS(=O)(=O)CC2)cc1Cl,8.0,C[C@@H]1CN(c2ccc(F)cc2C(F)(F)F)CCN1S(=O)(=O)c1ccc(N2CCS(=O)(=O)CC2)cc1Cl
CHEMBL1052405,CHEMBL550356,C[C@@H]1CN(c2ccc(F)cc2C(F)(F)F)CCN1S(=O)(=O)c1ccc(N2CCC(C(N)=O)CC2)cc1Cl,7.77,C[C@@H]1CN(c2ccc(F)cc2C(F)(F)F)CCN1S(=O)(=O)c1ccc(N2CCC(C(N)=O)CC2)cc1Cl
CHEMBL1052405,CHEMBL563505,C[C@@H]1CN(c2ccc(F)cc2C(F)(F)F)CCN1S(=O)(=O)c1ccc(N2CCN(C)CC2)cc1Cl,6.87,C[C@@H]1CN(c2ccc(F)cc2C(F)(F)F)CCN1S(=O)(=O)c1ccc(N2CCN(C)CC2)cc1Cl
CHEMBL1052405,CHEMBL564576,C[C@@H]1CN(c2ccc(F)cc2C(F)(F)F)CCN1S(=O)(=O)c1ccc(Br)cc1,7.55,C[C@@H]1CN(c2ccc(F)cc2C(F)(F)F)CCN1S(=O)(=O)c1ccc(Br)cc1
CHEMBL1052405,CHEMBL560316,C[C@@H]1CN(c2ccc(F)cc2C(F)(F)F)CCN1S(=O)(=O)c1ccc(N2CCC(O)CC2)cc1Cl,8.0,C[C@@H]1CN(c2ccc(F)cc2C(F)(F)F)CCN1S(=O)(=O)c1ccc(N2CCC(O)CC2)cc1Cl
CHEMBL1052405,CHEMBL551453,C[C@@H]1CN(c2ccc(F)cc2C(F)(F)F)CCN1S(=O)(=O)c1ccc(N2CCN[C@@H](C)C2)cc1Cl,6.19,C[C@@H]1CN(c2ccc(F)cc2C(F)(F)F)CCN1S(=O)(=O)c1ccc(N2CCN[C@@H](C)C2)cc1Cl
CHEMBL1052405,CHEMBL559465,C[C@@H]1CN(c2ccc(F)cc2C(F)(F)F)CCN1S(=O)(=O)c1ccc(N2CCOCC2)cc1F,7.96,C[C@@H]1CN(c2ccc(F)cc2C(F)(F)F)CCN1S(=O)(=O)c1ccc(N2CCOCC2)cc1F
CHEMBL1052405,CHEMBL549772,C[C@@H]1CN(c2ccc(F)cc2C(F)(F)F)CCN1S(=O)(=O)c1ccc(-n2cncn2)cc1Cl,8.0,C[C@@H]1CN(c2ccc(F)cc2C(F)(F)F)CCN1S(=O)(=O)c1ccc(-n2cncn2)cc1Cl
CHEMBL1052405,CHEMBL550646,C[C@@H]1CN(c2ccc(F)cc2C(F)(F)F)CCN1S(=O)(=O)c1ccc(N2CCCCC2)cc1Cl,7.01,C[C@@H]1CN(c2ccc(F)cc2C(F)(F)F)CCN1S(=O)(=O)c1ccc(N2CCCCC2)cc1Cl
CHEMBL1052405,CHEMBL556482,CCOc1ccc(S(=O)(=O)N2CCN(c3ccc(F)cc3C(F)(F)F)C[C@H]2C)c(Cl)c1,7.2,CCOc1ccc(S(=O)(=O)N2CCN(c3ccc(F)cc3C(F)(F)F)C[C@H]2C)c(Cl)c1
CHEMBL1073437,CHEMBL603885,O=C(NC1C2CC3CC(C2)CC1C3)N1CCC(Cc2ccccc2)CC1,8.96,O=C(NC1C2CC3CC(C2)CC1C3)N1CCC(Cc2ccccc2)CC1
CHEMBL1073437,CHEMBL598039,O=C(NC1C2CC3CC(C2)CC1C3)N1CCCCC1c1ccccc1,8.66,O=C(NC1C2CC3CC(C2)CC1C3)N1CCCCC1c1ccccc1
CHEMBL1073437,CHEMBL598675,O=C(O)CC1CC2(CCN(C(=O)NC3C4CC5CC(C4)CC3C5)CC2)c2ccccc21,7.78,O=C(O)CC1CC2(CCN(C(=O)NC3C4CC5CC(C4)CC3C5)CC2)c2ccccc21
CHEMBL1073437,CHEMBL597481,Cc1ccc2c(c1)C(CC(=O)O)CC21CCN(C(=O)NC2C3CC4CC(C3)CC2C4)CC1,8.17,Cc1ccc2c(c1)C(CC(=O)O)CC21CCN(C(=O)NC2C3CC4CC(C3)CC2C4)CC1
CHEMBL1073437,CHEMBL596620,O=C(NC1C2CC3CC(C2)CC1C3)N1CCCC2(Cc3ccccc3C2)C1,9.15,O=C(NC1C2CC3CC(C2)CC1C3)N1CCCC2(Cc3ccccc3C2)C1
CHEMBL1073437,CHEMBL602051,O=C(O)CC1CC2(CCN(C(=O)NC3C4CC5CC(C4)CC3C5)CC2)c2cc(Cl)ccc21,8.47,O=C(O)CC1CC2(CCN(C(=O)NC3C4CC5CC(C4)CC3C5)CC2)c2cc(Cl)ccc21
CHEMBL1073437,CHEMBL596815,O=C(NC1C2CC3CC(C2)CC1C3)N1CCCCC1,7.79,O=C(NC1C2CC3CC(C2)CC1C3)N1CCCCC1
CHEMBL1073437,CHEMBL597676,Cc1ccc2c(c1)C1(CCN(C(=O)NC3C4CC5CC(C4)CC3C5)CC1)CC2CC(=O)O,8.05,Cc1ccc2c(c1)C1(CCN(C(=O)NC3C4CC5CC(C4)CC3C5)CC1)CC2CC(=O)O
CHEMBL1073437,CHEMBL597063,Cc1cccc2c1C(CC(=O)O)CC21CCN(C(=O)NC2C3CC4CC(C3)CC2C4)CC1,8.47,Cc1cccc2c1C(CC(=O)O)CC21CCN(C(=O)NC2C3CC4CC(C3)CC2C4)CC1
CHEMBL1073437,CHEMBL603474,O=C(NC1C2CC3CC(C2)CC1C3)N1CCC(O)(c2ccccc2)CC1,7.25,O=C(NC1C2CC3CC(C2)CC1C3)N1CCC(O)(c2ccccc2)CC1
CHEMBL1073437,CHEMBL606420,O=C(NC1C2CC3CC(C2)CC1C3)N1CCC2(CC1)CC(CCO)c1cccc(Br)c12,8.77,O=C(NC1C2CC3CC(C2)CC1C3)N1CCC2(CC1)CC(CCO)c1cccc(Br)c12
CHEMBL1073437,CHEMBL604589,O=C(NC1C2CC3CC(C2)CC1C3)N1CCCC(Cc2ccccc2)C1,9.05,O=C(NC1C2CC3CC(C2)CC1C3)N1CCCC(Cc2ccccc2)C1
CHEMBL1073437,CHEMBL605536,NC(=O)C1(c2ccccc2)CCN(C(=O)NC2C3CC4CC(C3)CC2C4)CC1,7.38,NC(=O)C1(c2ccccc2)CCN(C(=O)NC2C3CC4CC(C3)CC2C4)CC1
CHEMBL1073437,CHEMBL597234,O=C(NC1C2CC3CC(C2)CC1C3)N1CCC(c2ccccc2)CC1,9.05,O=C(NC1C2CC3CC(C2)CC1C3)N1CCC(c2ccccc2)CC1
CHEMBL1073437,CHEMBL601211,NC(=O)CC1CC2(CCN(C(=O)NC3C4CC5CC(C4)CC3C5)CC2)c2c(Br)cccc21,9.3,NC(=O)CC1CC2(CCN(C(=O)NC3C4CC5CC(C4)CC3C5)CC2)c2c(Br)cccc21
CHEMBL1073437,CHEMBL596621,O=C(NC1C2CC3CC(C2)CC1C3)N1CCC2(CCc3ccccc32)CC1,9.1,O=C(NC1C2CC3CC(C2)CC1C3)N1CCC2(CCc3ccccc32)CC1
CHEMBL1073437,CHEMBL602248,O=C(O)CC1CC2(CCN(C(=O)NC3C4CC5CC(C4)CC3C5)CC2)c2c(Cl)cccc21,8.66,O=C(O)CC1CC2(CCN(C(=O)NC3C4CC5CC(C4)CC3C5)CC2)c2c(Cl)cccc21
CHEMBL1073437,CHEMBL605538,O=C(NC1C2CC3CC(C2)CC1C3)N1CCCCC1Cc1ccccc1,8.85,O=C(NC1C2CC3CC(C2)CC1C3)N1CCCCC1Cc1ccccc1
CHEMBL1073437,CHEMBL605162,O=C(O)CC1CC2(CCN(C(=O)NC3C4CC5CC(C4)CC3C5)CC2)c2c(Br)cccc21,8.8,O=C(O)CC1CC2(CCN(C(=O)NC3C4CC5CC(C4)CC3C5)CC2)c2c(Br)cccc21
CHEMBL1073437,CHEMBL602249,O=C(O)C[C@@H]1CC2(CCN(C(=O)NC3C4CC5CC(C4)CC3C5)CC2)c2c(Br)cccc21,8.7,O=C(O)C[C@@H]1CC2(CCN(C(=O)NC3C4CC5CC(C4)CC3C5)CC2)c2c(Br)cccc21
CHEMBL1073437,CHEMBL601210,CS(=O)(=O)NC(=O)CC1CC2(CCN(C(=O)NC3C4CC5CC(C4)CC3C5)CC2)c2c(Br)cccc21,8.7,CS(=O)(=O)NC(=O)CC1CC2(CCN(C(=O)NC3C4CC5CC(C4)CC3C5)CC2)c2c(Br)cccc21
CHEMBL1073437,CHEMBL605756,Cc1cccc2c1C1(CCN(C(=O)NC3C4CC5CC(C4)CC3C5)CC1)CC2CC(=O)O,8.12,Cc1cccc2c1C1(CCN(C(=O)NC3C4CC5CC(C4)CC3C5)CC1)CC2CC(=O)O
CHEMBL1073437,CHEMBL601849,O=C(O)C[C@H]1CC2(CCN(C(=O)NC3C4CC5CC(C4)CC3C5)CC2)c2c(Br)cccc21,8.96,O=C(O)C[C@H]1CC2(CCN(C(=O)NC3C4CC5CC(C4)CC3C5)CC2)c2c(Br)cccc21
CHEMBL1073437,CHEMBL598877,O=C(O)C1CC2(CCN(C(=O)NC3C4CC5CC(C4)CC3C5)CC2)c2ccccc21,7.16,O=C(O)C1CC2(CCN(C(=O)NC3C4CC5CC(C4)CC3C5)CC2)c2ccccc21
CHEMBL1073437,CHEMBL605954,O=C(O)CC1CC2(CCN(C(=O)NC3C4CC5CC(C4)CC3C5)CC2)c2ccc(Cl)cc21,8.47,O=C(O)CC1CC2(CCN(C(=O)NC3C4CC5CC(C4)CC3C5)CC2)c2ccc(Cl)cc21
CHEMBL1073437,CHEMBL605544,O=C(NC1C2CC3CC(C2)CC1C3)N1CCCC(c2ccccc2)C1,9.1,O=C(NC1C2CC3CC(C2)CC1C3)N1CCCC(c2ccccc2)C1
CHEMBL1647079,CHEMBL1642619,NC(=O)C12CC3CC(C1)C(NC(=O)C1SCCN1S(=O)(=O)c1ccccc1)C(C3)C2,7.17,NC(=O)C12CC3CC(C1)C(NC(=O)C1SCCN1S(=O)(=O)c1ccccc1)C(C3)C2
CHEMBL1647079,CHEMBL1642841,NC(=O)C12CC3CC(C1)C(NC(=O)[C@H]1SCCN1S(=O)(=O)c1ccccc1F)C(C3)C2,5.87,NC(=O)C12CC3CC(C1)C(NC(=O)C1SCCN1S(=O)(=O)c1ccccc1F)C(C3)C2
CHEMBL1647079,CHEMBL1642623,NC(=O)C12CC3CC(C1)C(NC(=O)C1SCCN1S(=O)(=O)c1cccc(F)c1)C(C3)C2,7.96,NC(=O)C12CC3CC(C1)C(NC(=O)C1SCCN1S(=O)(=O)c1cccc(F)c1)C(C3)C2
CHEMBL1647079,CHEMBL1642612,O=C(NC1C2CC3CC(C2)CC1C3)C1SCCN1S(=O)(=O)c1ccc(F)cc1,7.7,O=C(NC1C2CC3CC(C2)CC1C3)C1SCCN1S(=O)(=O)c1ccc(F)cc1
CHEMBL1647079,CHEMBL1642844,O=C(NC1C2CC3CC(C2)CC1C3)C1SCCN1Cc1ccccc1,7.7,O=C(NC1C2CC3CC(C2)CC1C3)C1SCCN1Cc1ccccc1
CHEMBL1647079,CHEMBL1642613,O=C(NC1C2CC3CC(C2)CC1C3)C1SCCN1S(=O)(=O)c1ccccc1F,8.0,O=C(NC1C2CC3CC(C2)CC1C3)C1SCCN1S(=O)(=O)c1ccccc1F
CHEMBL1647079,CHEMBL1642618,NC(=O)C12CC3CC(C1)C(NC(=O)C1SCCN1S(=O)(=O)c1ccc(Cl)c(Cl)c1)C(C3)C2,8.3,NC(=O)C12CC3CC(C1)C(NC(=O)C1SCCN1S(=O)(=O)c1ccc(Cl)c(Cl)c1)C(C3)C2
CHEMBL1647079,CHEMBL1642616,O=C(NC1C2CC3CC1CC(O)(C3)C2)C1SCCN1S(=O)(=O)c1ccc(Cl)c(Cl)c1,6.17,O=C(NC1C2CC3CC1CC(O)(C3)C2)C1SCCN1S(=O)(=O)c1ccc(Cl)c(Cl)c1
CHEMBL1647079,CHEMBL1642615,O=C(NC1C2CC3CC(C2)CC1C3)C1SCCN1S(=O)(=O)c1ccc(Cl)c(Cl)c1,8.0,O=C(NC1C2CC3CC(C2)CC1C3)C1SCCN1S(=O)(=O)c1ccc(Cl)c(Cl)c1
CHEMBL1647079,CHEMBL1642605,CC(C)(C)OC(=O)N1CCSC1C(=O)NC1C2CC3CC(C2)CC1C3,6.26,CC(C)(C)OC(=O)N1CCSC1C(=O)NC1C2CC3CC(C2)CC1C3
CHEMBL1647079,CHEMBL1642604,Cl.O=C(NC1C2CC3CC(C2)CC1C3)C1NCCS1,5.67,O=C(NC1C2CC3CC(C2)CC1C3)C1NCCS1
CHEMBL1647079,CHEMBL1642611,CC(C)(C)c1ccc(S(=O)(=O)N2CCSC2C(=O)NC2C3CC4CC(C3)CC2C4)cc1,6.83,CC(C)(C)c1ccc(S(=O)(=O)N2CCSC2C(=O)NC2C3CC4CC(C3)CC2C4)cc1
CHEMBL1647079,CHEMBL1642608,O=C(NC1C2CC3CC(C2)CC1C3)C1SCCN1S(=O)(=O)c1ccccc1,8.0,O=C(NC1C2CC3CC(C2)CC1C3)C1SCCN1S(=O)(=O)c1ccccc1
CHEMBL1647079,CHEMBL1642617,COC(=O)C12CC3CC(C1)C(NC(=O)C1SCCN1S(=O)(=O)c1ccc(Cl)c(Cl)c1)C(C3)C2,6.77,COC(=O)C12CC3CC(C1)C(NC(=O)C1SCCN1S(=O)(=O)c1ccc(Cl)c(Cl)c1)C(C3)C2
CHEMBL1647079,CHEMBL1642610,COc1ccc(S(=O)(=O)N2CCSC2C(=O)NC2C3CC4CC(C3)CC2C4)cc1,7.26,COc1ccc(S(=O)(=O)N2CCSC2C(=O)NC2C3CC4CC(C3)CC2C4)cc1
CHEMBL1647079,CHEMBL499915,CC1(C)[C@@H](OC(=O)CCC(=O)O)CC[C@]2(C)[C@H]3C(=O)C=C4[C@@H]5C[C@@](C)(C(=O)O)CC[C@]5(C)CC[C@@]4(C)[C@]3(C)CC[C@@H]12,6.3,CC1(C)[C@@H](OC(=O)CCC(=O)O)CC[C@]2(C)C3C(=O)C=C4C5C[C@@](C)(C(=O)O)CC[C@]5(C)CC[C@@]4(C)[C@]3(C)CC[C@@H]12
CHEMBL1647079,CHEMBL1642609,Cc1ccc(S(=O)(=O)N2CCSC2C(=O)NC2C3CC4CC(C3)CC2C4)cc1,7.7,Cc1ccc(S(=O)(=O)N2CCSC2C(=O)NC2C3CC4CC(C3)CC2C4)cc1
CHEMBL1647079,CHEMBL1642621,COc1ccc(S(=O)(=O)N2CCSC2C(=O)NC2C3CC4CC2CC(C(N)=O)(C4)C3)cc1,7.8,COc1ccc(S(=O)(=O)N2CCSC2C(=O)NC2C3CC4CC2CC(C(N)=O)(C4)C3)cc1
CHEMBL1647079,CHEMBL1642620,Cc1ccc(S(=O)(=O)N2CCSC2C(=O)NC2C3CC4CC2CC(C(N)=O)(C4)C3)cc1,8.1,Cc1ccc(S(=O)(=O)N2CCSC2C(=O)NC2C3CC4CC2CC(C(N)=O)(C4)C3)cc1
CHEMBL1647079,CHEMBL1642624,NC(=O)C12CC3CC(C1)C(NC(=O)C1SCCN1S(=O)(=O)c1ccc(F)cc1)C(C3)C2,7.96,NC(=O)C12CC3CC(C1)C(NC(=O)C1SCCN1S(=O)(=O)c1ccc(F)cc1)C(C3)C2
CHEMBL1647079,CHEMBL1642607,O=C(NC1C2CC3CC(C2)CC1C3)C1SCCN1C(=O)Nc1ccccc1,6.03,O=C(NC1C2CC3CC(C2)CC1C3)C1SCCN1C(=O)Nc1ccccc1
CHEMBL1647079,CHEMBL1642614,O=C(NC1C2CC3CC(C2)CC1C3)C1SCCN1S(=O)(=O)c1ccc(Cl)cc1,8.0,O=C(NC1C2CC3CC(C2)CC1C3)C1SCCN1S(=O)(=O)c1ccc(Cl)cc1
CHEMBL1647079,CHEMBL1642843,NC(=O)C12CC3CC(C1)C(NC(=O)[C@H]1CCCN1S(=O)(=O)c1ccccc1F)C(C3)C2,8.0,NC(=O)C12CC3CC(C1)C(NC(=O)C1CCCN1S(=O)(=O)c1ccccc1F)C(C3)C2
CHEMBL1647079,CHEMBL1642606,O=C(NC1C2CC3CC(C2)CC1C3)C1SCCN1C(=O)c1ccccc1,7.2,O=C(NC1C2CC3CC(C2)CC1C3)C1SCCN1C(=O)c1ccccc1
CHEMBL1831796,CHEMBL1829779,C[C@@H](c1ccc(-c2ccc(F)cc2F)cc1)N1CC[C@](CCCN)(c2ccc(F)cc2)OC1=O,8.24,C[C@@H](c1ccc(-c2ccc(F)cc2F)cc1)N1CC[C@](CCCN)(c2ccc(F)cc2)OC1=O
CHEMBL1831796,CHEMBL1829781,CNC(=O)NCCC[C@]1(c2ccc(F)cc2)CCN([C@@H](C)c2ccc(-c3ccc(F)cc3F)cc2)C(=O)O1,8.39,CNC(=O)NCCC[C@]1(c2ccc(F)cc2)CCN([C@@H](C)c2ccc(-c3ccc(F)cc3F)cc2)C(=O)O1
CHEMBL1831796,CHEMBL1829778,CNC(=O)CC[C@]1(c2ccc(F)cc2)CCN([C@@H](C)c2ccc(-c3ccc(F)cc3F)cc2)C(=O)O1,7.66,CNC(=O)CC[C@]1(c2ccc(F)cc2)CCN([C@@H](C)c2ccc(-c3ccc(F)cc3F)cc2)C(=O)O1
CHEMBL1831796,CHEMBL1829744,CC1(c2ccccc2)CCN(c2ccccc2Cl)C(=O)O1,7.4,CC1(c2ccccc2)CCN(c2ccccc2Cl)C(=O)O1
CHEMBL1831796,CHEMBL1829757,O=C1OC(CCCO)(c2ccccc2)CCN1c1cccc(-c2ccc(F)cc2F)c1,8.36,O=C1OC(CCCO)(c2ccccc2)CCN1c1cccc(-c2ccc(F)cc2F)c1
CHEMBL1831796,CHEMBL1829740,Cc1cccc(N2CCC(C)(c3ccccc3)OC2=O)c1,7.64,Cc1cccc(N2CCC(C)(c3ccccc3)OC2=O)c1
CHEMBL1831796,CHEMBL1829784,C[C@H](c1ccc(-c2ccc(F)cc2F)cc1)N1CC[C@](CCO)(c2ccc(F)cc2)OC1=O,7.04,C[C@H](c1ccc(-c2ccc(F)cc2F)cc1)N1CC[C@](CCO)(c2ccc(F)cc2)OC1=O
CHEMBL1831796,CHEMBL1829745,CC1(c2ccccc2)CCN(c2cccc(Cl)c2)C(=O)O1,6.99,CC1(c2ccccc2)CCN(c2cccc(Cl)c2)C(=O)O1
CHEMBL1831796,CHEMBL1829742,Cc1cccc(N2CC[C@@H](c3ccccc3)OC2=O)c1,6.45,Cc1cccc(N2CC[C@@H](c3ccccc3)OC2=O)c1
CHEMBL1831796,CHEMBL1829748,CC1(c2ccccc2)CCN(c2ccc(C(F)(F)F)cc2)C(=O)O1,6.09,CC1(c2ccccc2)CCN(c2ccc(C(F)(F)F)cc2)C(=O)O1
CHEMBL1831796,CHEMBL1829769,C[C@@H](c1ccc(-c2ccc(F)cc2F)cc1)N1CC[C@](CC(N)=O)(c2ccc(F)cc2)OC1=O,8.55,C[C@@H](c1ccc(-c2ccc(F)cc2F)cc1)N1CC[C@](CC(N)=O)(c2ccc(F)cc2)OC1=O
CHEMBL1831796,CHEMBL1829777,C[C@@H](c1ccc(-c2ccc(F)cc2F)cc1)N1CC[C@](CCC(N)=O)(c2ccc(F)cc2)OC1=O,9.0,C[C@@H](c1ccc(-c2ccc(F)cc2F)cc1)N1CC[C@](CCC(N)=O)(c2ccc(F)cc2)OC1=O
CHEMBL1831796,CHEMBL1829749,CC1(c2ccccc2)CCN(Cc2ccc(Br)cc2)C(=O)O1,6.2,CC1(c2ccccc2)CCN(Cc2ccc(Br)cc2)C(=O)O1
CHEMBL1831796,CHEMBL1829751,CC1(c2ccccc2)CCN(c2cccc(-c3ccccc3F)c2)C(=O)O1,7.92,CC1(c2ccccc2)CCN(c2cccc(-c3ccccc3F)c2)C(=O)O1
CHEMBL1831796,CHEMBL1829776,C[C@@H](c1ccc(-c2ccc(F)cc2F)cc1)N1CC[C@](CCNS(N)(=O)=O)(c2ccc(F)cc2)OC1=O,8.7,C[C@@H](c1ccc(-c2ccc(F)cc2F)cc1)N1CC[C@](CCNS(N)(=O)=O)(c2ccc(F)cc2)OC1=O
CHEMBL1831796,CHEMBL1829746,CC1(c2ccccc2)CCN(c2cccc(Br)c2)C(=O)O1,7.64,CC1(c2ccccc2)CCN(c2cccc(Br)c2)C(=O)O1
CHEMBL1831796,CHEMBL1829766,C[C@@H](c1ccc(-c2ccc(F)cc2)cc1)N1CC[C@](CCCO)(c2cccc(F)c2)OC1=O,9.05,C[C@@H](c1ccc(-c2ccc(F)cc2)cc1)N1CC[C@](CCCO)(c2cccc(F)c2)OC1=O
CHEMBL1831796,CHEMBL1829767,C[C@@H](c1ccc(-c2ccc(F)cc2)cc1)N1CC[C@](CCCO)(c2ccc(F)cc2)OC1=O,9.22,C[C@@H](c1ccc(-c2ccc(F)cc2)cc1)N1CC[C@](CCCO)(c2ccc(F)cc2)OC1=O
CHEMBL1831796,CHEMBL1829756,O=C1OC(CCO)(c2ccccc2)CCN1c1cccc(-c2ccc(F)cc2F)c1,9.1,O=C1OC(CCO)(c2ccccc2)CCN1c1cccc(-c2ccc(F)cc2F)c1
CHEMBL1831796,CHEMBL1829773,CNC(=O)NCC[C@]1(c2ccc(F)cc2)CCN([C@@H](C)c2ccc(-c3ccc(F)cc3F)cc2)C(=O)O1,8.51,CNC(=O)NCC[C@]1(c2ccc(F)cc2)CCN([C@@H](C)c2ccc(-c3ccc(F)cc3F)cc2)C(=O)O1
CHEMBL1831796,CHEMBL1829759,C[C@@H](c1ccc(-c2ccc(F)cc2F)cc1)N1CC[C@](CCCO)(c2ccccc2)OC1=O,9.22,C[C@@H](c1ccc(-c2ccc(F)cc2F)cc1)N1CC[C@](CCCO)(c2ccccc2)OC1=O
CHEMBL1831796,CHEMBL1829755,C=CCC1(c2ccccc2)CCN(c2cccc(-c3ccc(F)cc3F)c2)C(=O)O1,8.49,C=CCC1(c2ccccc2)CCN(c2cccc(-c3ccc(F)cc3F)c2)C(=O)O1
CHEMBL1831796,CHEMBL1829771,CC(=O)NCC[C@]1(c2ccc(F)cc2)CCN([C@@H](C)c2ccc(-c3ccc(F)cc3F)cc2)C(=O)O1,8.15,CC(=O)NCC[C@]1(c2ccc(F)cc2)CCN([C@@H](C)c2ccc(-c3ccc(F)cc3F)cc2)C(=O)O1
CHEMBL1831796,CHEMBL1829753,CC1(c2ccccc2)CCN(c2cccc(-c3ccc(F)cc3)c2)C(=O)O1,8.48,CC1(c2ccccc2)CCN(c2cccc(-c3ccc(F)cc3)c2)C(=O)O1
CHEMBL1831796,CHEMBL1829762,CC[C@@H](c1ccc(-c2ccc(F)cc2)cc1)N1CC[C@](CCCO)(c2ccccc2)OC1=O,9.22,CC[C@@H](c1ccc(-c2ccc(F)cc2)cc1)N1CC[C@](CCCO)(c2ccccc2)OC1=O
CHEMBL1831796,CHEMBL1829758,C[C@@H](c1ccc(-c2ccc(F)cc2F)cc1)N1CC[C@](CCO)(c2ccccc2)OC1=O,9.15,C[C@@H](c1ccc(-c2ccc(F)cc2F)cc1)N1CC[C@](CCO)(c2ccccc2)OC1=O
CHEMBL1831796,CHEMBL1829761,C[C@@H](c1ccc(-c2ccc(F)cc2)cc1)N1CC[C@](CCCO)(c2ccccc2)OC1=O,9.22,C[C@@H](c1ccc(-c2ccc(F)cc2)cc1)N1CC[C@](CCCO)(c2ccccc2)OC1=O
CHEMBL1831796,CHEMBL1829763,C[C@@H](c1ccc(-c2ccc(F)cc2F)cc1)N1CC[C@](CCO)(c2ccc(F)cc2)OC1=O,9.1,C[C@@H](c1ccc(-c2ccc(F)cc2F)cc1)N1CC[C@](CCO)(c2ccc(F)cc2)OC1=O
CHEMBL1831796,CHEMBL1829768,C[C@@H](c1ccc(-c2ccc(F)cc2)cc1)N1CC[C@](CCO)(c2ccc(F)cc2)OC1=O,9.3,C[C@@H](c1ccc(-c2ccc(F)cc2)cc1)N1CC[C@](CCO)(c2ccc(F)cc2)OC1=O
CHEMBL1831796,CHEMBL1829764,C[C@@H](c1ccc(-c2ccc(F)cc2F)cc1)N1CC[C@](CCCO)(c2ccc(F)cc2)OC1=O,8.96,C[C@@H](c1ccc(-c2ccc(F)cc2F)cc1)N1CC[C@](CCCO)(c2ccc(F)cc2)OC1=O
CHEMBL1831796,CHEMBL1829775,C[C@@H](c1ccc(-c2ccc(F)cc2F)cc1)N1CC[C@](CCNS(C)(=O)=O)(c2ccc(F)cc2)OC1=O,9.0,C[C@@H](c1ccc(-c2ccc(F)cc2F)cc1)N1CC[C@](CCNS(C)(=O)=O)(c2ccc(F)cc2)OC1=O
CHEMBL1831796,CHEMBL1829780,C[C@@H](c1ccc(-c2ccc(F)cc2F)cc1)N1CC[C@](CCCNC(N)=O)(c2ccc(F)cc2)OC1=O,8.85,C[C@@H](c1ccc(-c2ccc(F)cc2F)cc1)N1CC[C@](CCCNC(N)=O)(c2ccc(F)cc2)OC1=O
CHEMBL1831796,CHEMBL1829741,Cc1cccc(N2CC[C@H](c3ccccc3)OC2=O)c1,6.0,Cc1cccc(N2CC[C@H](c3ccccc3)OC2=O)c1
CHEMBL1831796,CHEMBL1829765,C[C@@H](c1ccc(-c2ccc(F)cc2)cc1)N1CC[C@](CCCO)(c2ccccc2F)OC1=O,9.05,C[C@@H](c1ccc(-c2ccc(F)cc2)cc1)N1CC[C@](CCCO)(c2ccccc2F)OC1=O
CHEMBL1831796,CHEMBL1829782,C[C@@H](c1ccc(-c2ccc(F)cc2F)cc1)N1CC[C@](CCCNS(C)(=O)=O)(c2ccc(F)cc2)OC1=O,8.74,C[C@@H](c1ccc(-c2ccc(F)cc2F)cc1)N1CC[C@](CCCNS(C)(=O)=O)(c2ccc(F)cc2)OC1=O
CHEMBL1831796,CHEMBL1829747,CC1(c2ccccc2)CCN(c2ccc(Cl)cc2)C(=O)O1,6.64,CC1(c2ccccc2)CCN(c2ccc(Cl)cc2)C(=O)O1
CHEMBL1831796,CHEMBL1829750,CC1(c2ccccc2)CCN(c2cccc(-c3ccccc3)c2)C(=O)O1,8.33,CC1(c2ccccc2)CCN(c2cccc(-c3ccccc3)c2)C(=O)O1
CHEMBL1831796,CHEMBL1829752,CC1(c2ccccc2)CCN(c2cccc(-c3cccc(F)c3)c2)C(=O)O1,8.38,CC1(c2ccccc2)CCN(c2cccc(-c3cccc(F)c3)c2)C(=O)O1
CHEMBL1831796,CHEMBL1829770,C[C@@H](c1ccc(-c2ccc(F)cc2F)cc1)N1CC[C@](CCN)(c2ccc(F)cc2)OC1=O,8.57,C[C@@H](c1ccc(-c2ccc(F)cc2F)cc1)N1CC[C@](CCN)(c2ccc(F)cc2)OC1=O
CHEMBL1831796,CHEMBL1829754,CC1(c2ccccc2)CCN(c2cccc(-c3ccc(F)cc3F)c2)C(=O)O1,8.8,CC1(c2ccccc2)CCN(c2cccc(-c3ccc(F)cc3F)c2)C(=O)O1
CHEMBL1831796,CHEMBL1829774,CCNC(=O)NCC[C@]1(c2ccc(F)cc2)CCN([C@@H](C)c2ccc(-c3ccc(F)cc3F)cc2)C(=O)O1,7.66,CCNC(=O)NCC[C@]1(c2ccc(F)cc2)CCN([C@@H](C)c2ccc(-c3ccc(F)cc3F)cc2)C(=O)O1
CHEMBL1831796,CHEMBL1829760,C[C@@H](c1ccc(-c2ccc(F)cc2)cc1)N1CC[C@](CCO)(c2ccccc2)OC1=O,9.3,C[C@@H](c1ccc(-c2ccc(F)cc2)cc1)N1CC[C@](CCO)(c2ccccc2)OC1=O
CHEMBL1831796,CHEMBL1829743,CC1(c2ccccc2)CCN(c2ccccc2)C(=O)O1,6.8,CC1(c2ccccc2)CCN(c2ccccc2)C(=O)O1
CHEMBL1831796,CHEMBL1829772,C[C@@H](c1ccc(-c2ccc(F)cc2F)cc1)N1CC[C@](CCNC(N)=O)(c2ccc(F)cc2)OC1=O,9.1,C[C@@H](c1ccc(-c2ccc(F)cc2F)cc1)N1CC[C@](CCNC(N)=O)(c2ccc(F)cc2)OC1=O
