assay_chembl_id,compound_chembl_id,canonical_smiles,pchembl_value
CHEMBL909897,CHEMBL386029,O=C(CN1CCN(c2ccc(C(F)(F)F)cn2)CC1)N[C@H]1C2CC3CC1C[C@](F)(C3)C2,6.26
CHEMBL909897,CHEMBL415429,C[C@H](C(=O)N[C@H]1C2CC3CC1C[C@](O)(C3)C2)N1CC[C@@H](F)C1,6.75
CHEMBL909897,CHEMBL218093,O=C(CN1CCN(c2ccc(Cl)cc2)CC1)NC1C2CC3CC(C2)CC1C3,6.68
CHEMBL909897,CHEMBL424937,CC(C)(C(=O)N[C@H]1C2CC3CC1C[C@](O)(C3)C2)N1CCN(c2ccc(C(F)(F)F)cn2)CC1,7.34
CHEMBL909897,CHEMBL218096,CC(C(=O)N[C@H]1C2C[C@]3(O)CC1C[C@](O)(C2)C3)N1CCN(c2ccc(C(F)(F)F)cn2)CC1,5.68
CHEMBL909897,CHEMBL218144,CO[C@]12CC3CC(C1)[C@@H](NC(=O)C(C)N1CCN(c4ccc(C(F)(F)F)cn4)CC1)C(C3)C2,7.34
CHEMBL909897,CHEMBL219494,CC(C(=O)N[C@H]1C2C[C@]3(O)CC1C[C@](F)(C2)C3)N1CCN(c2ccc(C(F)(F)F)cn2)CC1,5.47
CHEMBL909897,CHEMBL218197,CC(C(=O)N[C@H]1C2C[C@@]3(O)CC1C[C@@](F)(C2)C3)N1CCN(c2ccc(C(F)(F)F)cn2)CC1,6.92
CHEMBL909897,CHEMBL375156,CC(C(=O)N[C@H]1C2CC3CC1C[C@](O)(C3)C2)N1CCN(c2ccc(C(F)(F)F)cn2)CC1,7.54
CHEMBL909897,CHEMBL219443,CO[C@]12CC3C[C@](O)(CC(C1)C3NC(=O)C(C)(C)N1CCN(c3ccc(C(F)(F)F)cn3)CC1)C2,6.96
CHEMBL909897,CHEMBL218358,O=C(CN1CCN(c2ccc(C(F)(F)F)cn2)CC1)N[C@H]1C2CC3CC1C[C@@](F)(C3)C2,6.35
CHEMBL909897,CHEMBL219142,O=C(CN1CCN(c2ccc(C(F)(F)F)cn2)CC1)N[C@H]1C2CC3CC1C[C@](O)(C3)C2,6.89
CHEMBL909897,CHEMBL218142,O=C(CN1CCN(c2ccc(C(F)(F)F)cn2)CC1)NC1C2CC3CC(C2)CC1C3,6.72
CHEMBL909897,CHEMBL425104,C[C@@H](C(=O)N[C@H]1C2CC3CC1C[C@](O)(C3)C2)N1CCN(c2ccc(C(F)(F)F)cn2)CC1,7.58
CHEMBL909897,CHEMBL425104,C[C@@H](C(=O)N[C@H]1C2CC3CC1C[C@](O)(C3)C2)N1CCN(c2ccc(C(F)(F)F)cn2)CC1,7.44
CHEMBL909897,CHEMBL375341,O=C(CN1CC[C@H](C(F)(F)F)C1)N[C@H]1C2CC3CC1C[C@](O)(C3)C2,7.46
CHEMBL909897,CHEMBL217917,CC(C(=O)N[C@H]1C2CC3CC1C[C@](O)(C3)C2)N1CC(Oc2ccccc2F)C1,7.15
CHEMBL909897,CHEMBL374922,CC(C)(C(=O)N[C@H]1C2C[C@]3(O)CC1C[C@](O)(C2)C3)N1CCN(c2ccc(C(F)(F)F)cn2)CC1,6.37
CHEMBL909897,CHEMBL384364,N#Cc1cccnc1N1CCN(CC(=O)NC2C3CC4CC(C3)CC2C4)CC1,6.58
CHEMBL909897,CHEMBL374728,CC(C(=O)N[C@H]1C2CC3CC1C[C@](O)(C3)C2)N1CCc2ccc3c(c2CC1)OCO3,7.68
CHEMBL909897,CHEMBL218758,C[C@@H](C(=O)N[C@H]1C2CC3CC1C[C@](O)(C3)C2)N1CC[C@@H](F)C1,6.35
CHEMBL902363,CHEMBL240619,CC(C)(Oc1ccc(F)cc1Cl)C(=O)N[C@H]1C2CC3CC1C[C@](S(=O)(=O)CCCN1CCOCC1)(C3)C2,6.30
CHEMBL902363,CHEMBL246442,CN(C)S(=O)(=O)[C@]12CC3CC(C1)[C@@H](NC(=O)C(C)(C)Oc1ccc(Cl)cc1)C(C3)C2,6.25
CHEMBL902363,CHEMBL241717,CC(C)(Oc1ccc(Cl)cc1F)C(=O)N[C@H]1C2CC3CC1C[C@](S(C)(=O)=O)(C3)C2,6.68
CHEMBL902363,CHEMBL241714,CC(C)(Oc1cccc(Cl)c1)C(=O)N[C@H]1C2CC3CC1C[C@](S(C)(=O)=O)(C3)C2,6.28
CHEMBL902363,CHEMBL392932,CC(C)(Oc1ccc(Cl)cc1)C(=O)N[C@H]1C2CC3CC1C[C@](S(N)(=O)=O)(C3)C2,6.64
CHEMBL902363,CHEMBL399191,CC(C)(Oc1cccc(Cl)c1)C(=O)N[C@H]1C2CC3CC1C[C@](S(N)(=O)=O)(C3)C2,6.50
CHEMBL902363,CHEMBL240622,COc1cc(F)ccc1OC(C)(C)C(=O)N[C@H]1C2CC3CC1C[C@](S(C)(=O)=O)(C3)C2,6.16
CHEMBL902363,CHEMBL394217,CC(C)(Oc1ccccc1Cl)C(=O)N[C@H]1C2CC3CC1C[C@](S(C)(=O)=O)(C3)C2,6.92
CHEMBL902363,CHEMBL391653,CC(C)(Oc1c(Cl)cc(F)cc1Cl)C(=O)N[C@H]1C2CC3CC1C[C@](S(N)(=O)=O)(C3)C2,6.72
CHEMBL902363,CHEMBL391652,CC(C)(Oc1ccc(F)cc1Cl)C(=O)N[C@H]1C2CC3CC1C[C@](S(N)(=O)=O)(C3)C2,6.90
CHEMBL902363,CHEMBL241709,CCS(=O)(=O)[C@]12CC3CC(C1)[C@@H](NC(=O)C(C)(C)Oc1ccc(F)cc1Cl)C(C3)C2,6.35
CHEMBL902363,CHEMBL393167,CC(C)(Oc1ccccc1C(F)(F)F)C(=O)N[C@H]1C2CC3CC1C[C@](S(C)(=O)=O)(C3)C2,6.92
CHEMBL902363,CHEMBL241707,CC(C)(Oc1ccc(F)cc1Cl)C(=O)N[C@H]1C2CC3CC1C[C@](S(C)(=O)=O)(C3)C2,7.01
CHEMBL902363,CHEMBL241719,CC(C)(Oc1ccccc1)C(=O)N[C@H]1C2CC3CC1C[C@](S(N)(=O)=O)(C3)C2,6.24
CHEMBL902363,CHEMBL391447,CC(C)(C(=O)N[C@H]1C2CC3CC1C[C@](S(N)(=O)=O)(C3)C2)c1ccccc1,6.38
CHEMBL902363,CHEMBL392913,CNS(=O)(=O)[C@]12CC3CC(C1)[C@@H](NC(=O)C(C)(C)Oc1ccc(Cl)cc1)C(C3)C2,6.21
CHEMBL902363,CHEMBL246858,CC(C)(Oc1ccccc1OC(F)(F)F)C(=O)N[C@H]1C2CC3CC1C[C@](S(N)(=O)=O)(C3)C2,7.27
CHEMBL902363,CHEMBL239373,CC(C)(Oc1ccccc1Cl)C(=O)N[C@H]1C2CC3CC1C[C@](S(N)(=O)=O)(C3)C2,7.08
CHEMBL902363,CHEMBL241716,CC(C)(Oc1ccc(Cl)cc1)C(=O)N[C@H]1C2CC3CC1C[C@](S(C)(=O)=O)(C3)C2,6.39
CHEMBL902363,CHEMBL241711,CC(C)(Oc1ccc(F)cc1Cl)C(=O)N[C@H]1C2CC3CC1C[C@](S(=O)(=O)CC(N)=O)(C3)C2,6.52
CHEMBL886924,CHEMBL397530,CCN1CCN(C(=O)C2(c3ccc(F)cc3)CCCC2)CC1,4.92
CHEMBL886924,CHEMBL396366,CN1CCN(C(=O)C23CC4CC(CC(C4)C2)C3)CC1,6.16
CHEMBL886924,CHEMBL396925,N#CC(c1ccccc1)N1CCN(C(=O)C23CC4CC(CC(C4)C2)C3)CC1,4.62
CHEMBL886924,CHEMBL396928,CCN1CCN(C(=O)C23CC4CC(CC(C4)C2)C3)CC1,6.12
CHEMBL886924,CHEMBL395391,CCN1CCN(C(=O)C23CC4CC(CC(O)(C4)C2)C3)CC1,4.28
CHEMBL886924,CHEMBL439203,CCN1CCN(C(=O)Cc2ccccc2)CC1,5.14
CHEMBL886924,CHEMBL245509,O=C(N1CCN(CCO)CC1)C12CC3CC(CC(C3)C1)C2,5.83
CHEMBL886924,CHEMBL245791,CCN1CCN(C(=O)C23CC4CC(CC(Cc5ccccc5)(C4)C2)C3)CC1,6.00
CHEMBL886924,CHEMBL247380,Cc1ccc(C23CC4CC(CC(C(=O)N5CCN(S(=O)(=O)c6ccccc6)CC5)(C4)C2)C3)cc1,4.19
CHEMBL886924,CHEMBL245303,Cc1ccc(C23CC4CC(CC(C(=O)N5CCN(Cc6ccncc6)CC5)(C4)C2)C3)cc1,5.09
CHEMBL886924,CHEMBL246952,O=C(N1CCCc2ccccc21)C12CC3CC(CC(C3)C1)C2,5.73
CHEMBL886924,CHEMBL245393,O=C(C1C2CC3CC(C2)CC1C3)N1CCCCC1,6.70
CHEMBL886924,CHEMBL247771,CCN1CCN(C(=O)C2=C(C)c3ccccc3C2)CC1,4.82
CHEMBL886924,CHEMBL396611,CCN1CCN(C(=O)C2CC3CCC2C3)CC1,4.36
CHEMBL886924,CHEMBL392865,Cc1ccc(C23CC4CC(CC(C(=O)N5CCN(CCc6ccccc6)CC5)(C4)C2)C3)cc1,5.72
CHEMBL886924,CHEMBL247768,CCN1CCN(C(=O)CCC2CCCCC2)CC1,4.32
CHEMBL886924,CHEMBL247181,Cc1ccc(C23CC4CC(CC(C(=O)N5CCN(C(C#N)C(C)C)CC5)(C4)C2)C3)cc1,5.00
CHEMBL886924,CHEMBL245302,O=C(N1CCN(Cc2ccncc2)CC1)C12CC3CC(CC(C3)C1)C2,5.14
CHEMBL886924,CHEMBL393251,O=C(N1CCCCC1)C12CC3CC(CC(O)(C3)C1)C2,5.14
CHEMBL886924,CHEMBL245708,O=C(N1CCN(CCc2ccccc2)CC1)C12CC3CC(CC(C3)C1)C2,4.33
CHEMBL886924,CHEMBL245590,O=C(N1CCCCC1)C12CC3CC(CC(C3)C1)C2,6.71
CHEMBL886924,CHEMBL245367,Cc1ccc(C23CC4CC(CC(C(=O)N5CCN(Cc6ccccc6)CC5)(C4)C2)C3)cc1,5.82
CHEMBL886924,CHEMBL391374,Cc1ccc(C23CC4CC(CC(C(=O)N5CCN(CCO)CC5)(C4)C2)C3)cc1,6.30
CHEMBL886924,CHEMBL391335,O=C(N1CCNCC1)C12CC3CC(CC(C3)C1)C2,5.09
CHEMBL886924,CHEMBL247179,Cc1ccc(C23CC4CC(CC(C(=O)N5CCN(C(C#N)c6ccccc6)CC5)(C4)C2)C3)cc1,5.68
CHEMBL886924,CHEMBL245510,COCCN1CCN(C(=O)C23CC4CC(CC(C4)C2)C3)CC1,4.92
CHEMBL886924,CHEMBL245511,COCCN1CCN(C(=O)C23CC4CC(C2)CC(c2ccc(C)cc2)(C4)C3)CC1,5.68
CHEMBL886924,CHEMBL245955,Cc1ccc(C23CC4CC(CC(C(=O)N5CCN(c6ccccc6)CC5)(C4)C2)C3)cc1,5.14
CHEMBL886924,CHEMBL247180,CC(C)C(C#N)N1CCN(C(=O)C23CC4CC(CC(C4)C2)C3)CC1,4.70
CHEMBL886924,CHEMBL246977,Cc1ccc(C23CC4CC(CC(C(=O)N5CCN(C(=O)c6ccccc6)CC5)(C4)C2)C3)cc1,4.44
CHEMBL886924,CHEMBL392866,O=C(N1CCCC1)C12CC3CC(CC(C3)C1)C2,6.30
CHEMBL886924,CHEMBL393446,CCN1CCN(C(=O)CC23CC4CC(CC(C4)C2)C3)CC1,5.39
CHEMBL886924,CHEMBL394929,O=C(N1CCN(Cc2ccccc2)CC1)C12CC3CC(CC(C3)C1)C2,5.14
CHEMBL886924,CHEMBL245988,O=C(N1CCN(S(=O)(=O)Cc2ccccc2)CC1)C12CC3CC(CC(C3)C1)C2,4.89
CHEMBL886924,CHEMBL397077,CCN1CCN(C(=O)C23CC4CC(C2)CC(c2ccc(OC)cc2)(C4)C3)CC1,6.22
CHEMBL886924,CHEMBL394252,CCN1CCN(C(=O)C2CCC(C(C)(C)C)CC2)CC1,4.70
CHEMBL886924,CHEMBL428931,O=C(N1CCC2CCCCC2C1)C12CC3CC(CC(C3)C1)C2,6.07
CHEMBL886924,CHEMBL391373,Cc1ccc(C23CC4CC(CC(C(=O)N5CCN(S(=O)(=O)Cc6ccccc6)CC5)(C4)C2)C3)cc1,5.11
CHEMBL886924,CHEMBL246338,Cc1ccc(C23CC4CC(CC(C(=O)N5CCN(C)CC5)(C4)C2)C3)cc1,7.10
CHEMBL886924,CHEMBL439383,O=C(N1CCc2ccccc2C1)C12CC3CC(CC(C3)C1)C2,5.25
CHEMBL886924,CHEMBL248168,CCN1CCN(C(=O)C2CCCCC2)CC1,4.28
CHEMBL1105684,CHEMBL1096870,O=C(NC1C2CC3CC(C2)CC1C3)[C@H]1CCCN1CC1CCCC1,10.52
CHEMBL1105684,CHEMBL1095787,O=C(NC1C2CC3CC(C2)CC1C3)[C@H]1CCCN1CC1(O)CCCC1,9.47
CHEMBL1105684,CHEMBL1088379,O=C(N1CCCCC1)C12CC3CC(C1)CC(c1ccccc1)(C3)C2,6.76
CHEMBL1105684,CHEMBL1097827,O=C(NC1C2CC3CC(C2)CC1C3)[C@H]1CCCN1CCC(F)(F)F,9.49
CHEMBL1105684,CHEMBL1096451,O=C(NC1C2CC3CC(C2)CC1C3)[C@H]1CCCN1CC1(O)CCCCC1,10.52
CHEMBL1105684,CHEMBL1095786,O=C(NC1C2CC3CC(C2)CC1C3)[C@H]1CCCN1CC1CCOCC1,8.00
CHEMBL1105684,CHEMBL1095033,CC(C)N1CCC[C@@H]1C(=O)NC1C2CC3CC(C2)CC1C3,8.46
CHEMBL1105684,CHEMBL1095785,O=C(NC1C2CC3CC(C2)CC1C3)[C@H]1CCCN1c1ccccn1,8.30
CHEMBL1105684,CHEMBL1097177,O=C(NC1C2CC3CC(C2)CC1C3)[C@H]1CCCN1CC1CCCCC1,9.49
CHEMBL1105684,CHEMBL1098131,O=C(NC1C2CC3CC(C2)CC1C3)[C@H]1CCCN1CC1CCC1,10.52
CHEMBL1105684,CHEMBL1097828,O=C(NC1C2CC3CC(C2)CC1C3)[C@H]1CCCN1Cc1ccc(Cl)cc1,9.49
CHEMBL1105684,CHEMBL1088517,CCN(C(=O)CN1CCc2conc2CC1)C1CCCCC1,6.54
CHEMBL1105684,CHEMBL1088116,CN1CCC[C@@H]1C(=O)NC1C2CC3CC(C2)CC1C3,7.66
CHEMBL1105684,CHEMBL1097178,O=C(NC1C2CC3CC(C2)CC1C3)[C@H]1CCCN1CC(F)(F)F,9.49
CHEMBL1105684,CHEMBL1098145,N#Cc1ccc(CN2CCC[C@@H]2C(=O)NC2C3CC4CC(C3)CC2C4)cc1,10.52
CHEMBL1105684,CHEMBL1095047,CCN1CCC[C@@H]1C(=O)NC1C2CC3CC(C2)CC1C3,8.38
CHEMBL1105684,CHEMBL1088115,CCN(CC(=O)NC1C2CC3CC(C2)CC1C3)C1CCCCC1,8.66
CHEMBL1105684,CHEMBL1098130,CC(C)CN1CCC[C@@H]1C(=O)NC1C2CC3CC(C2)CC1C3,10.52
CHEMBL1105684,CHEMBL1098160,O=C(NC1C2CC3CC(C2)CC1C3)[C@H]1CCCN1CCO,7.70
CHEMBL1105684,CHEMBL1088117,CCCN1CCC[C@@H]1C(=O)NC1C2CC3CC(C2)CC1C3,8.92
CHEMBL1105684,CHEMBL1098159,N#Cc1cccc(CN2CCC[C@@H]2C(=O)NC2C3CC4CC(C3)CC2C4)c1,9.49
CHEMBL1118158,CHEMBL1085154,COc1ccc(C(=O)CSc2cnnn2Cc2cccs2)cc1OC,5.77
CHEMBL1118158,CHEMBL1083422,O=C(CCc1cnnn1C1CCOCC1)c1ccccc1,5.62
CHEMBL1118158,CHEMBL1084043,O=C(CCc1cnnn1-c1ccccc1)c1cccc(F)c1,6.22
CHEMBL1118158,CHEMBL1082497,O=C(COc1cnnn1-c1ccccc1)c1ccccc1,6.01
CHEMBL1118158,CHEMBL1083267,COc1ccc(C(=O)CSc2cnnn2-c2ccccc2)cc1,5.98
CHEMBL1118158,CHEMBL1082770,O=C(CCn1nnnc1-c1cccnc1)c1ccccc1,5.41
CHEMBL1118158,CHEMBL1083161,CC(C)(C)C(=O)CSc1cnnn1-c1ccccc1,6.60
CHEMBL1118158,CHEMBL1085785,O=C(CCn1nnnc1-c1ncccn1)c1ccccc1,5.35
CHEMBL1118158,CHEMBL1083125,COc1cccc(C(=O)CCc2cnnn2-c2ccccc2)c1,6.67
CHEMBL1118158,CHEMBL1083423,O=C(CCc1nnnn1-c1ccccc1)Cc1ccccc1,6.09
CHEMBL1118158,CHEMBL1085146,COc1ccc(C(=O)CSc2cnnn2-c2cccc(C)c2)cc1OC,7.03
CHEMBL1118158,CHEMBL1086564,O=C(CSc1cnnn1-c1ccccc1)c1cccc(F)c1,5.87
CHEMBL1118158,CHEMBL1082813,O=C(CCn1nnnc1-c1ccccc1)c1ccccc1,6.07
CHEMBL1118158,CHEMBL1084968,COc1ccc(-n2nncc2CCC(=O)c2ccccc2)cc1,6.37
CHEMBL1118158,CHEMBL1086347,O=C(CSc1cnnn1-c1ccccc1)Cc1ccccc1,6.54
CHEMBL1118158,CHEMBL1085145,COc1ccc(C(=O)CSc2cnnn2-c2ccccc2C)cc1OC,5.84
CHEMBL1118158,CHEMBL1085720,O=C(CCc1ccccc1)CCc1nnnn1-c1ccccc1,6.01
CHEMBL1118158,CHEMBL1085367,Cc1ccc(-n2nncc2CCC(=O)c2ccccc2)cc1,6.23
CHEMBL1118158,CHEMBL1082814,COc1ccccc1-c1nnnn1CCC(=O)c1ccccc1,6.12
CHEMBL1118158,CHEMBL1085784,O=C(CCn1nnnc1-c1cnccn1)c1ccccc1,5.72
CHEMBL1118158,CHEMBL1086553,O=C(CCc1nnnn1C1CCc2ccccc21)c1ccccc1,5.82
CHEMBL1118158,CHEMBL1083395,O=C(CCn1nnnc1-c1ccc2c(c1)OCO2)c1ccccc1,6.14
CHEMBL1118158,CHEMBL1085868,O=C(CSc1cnnn1-c1ccccc1)c1cccs1,5.77
CHEMBL1118158,CHEMBL1086231,O=C(CCc1cnnn1-c1ccccc1Cl)c1ccccc1,5.75
CHEMBL1118158,CHEMBL1085614,COc1ccccc1-n1nncc1CCC(=O)c1ccccc1,5.66
CHEMBL1118158,CHEMBL1086562,O=C(CSc1cnnn1-c1ccccc1)c1ccccc1,6.59
CHEMBL1118158,CHEMBL1086554,O=C(CCc1cnnn1C1CCCc2ccccc21)c1ccccc1,5.96
CHEMBL1118158,CHEMBL1085153,COc1ccc(C(=O)CSc2cnnn2Cc2ccccc2)cc1OC,6.07
CHEMBL1118158,CHEMBL1086345,COc1cccc(C(=O)CSc2cnnn2-c2ccccc2)c1,5.80
CHEMBL1118158,CHEMBL1085400,COc1ccc(C(=O)CSc2cnnn2-c2ccc(C)cc2)cc1OC,5.61
CHEMBL1118158,CHEMBL3084741,O=C(CCc1cnnn1C12CC3CC(CC(C3)C1)C2)c1ccccc1,5.82
CHEMBL1118158,CHEMBL1084714,Cc1ccccc1-n1nnnc1CCC(=O)c1ccccc1,6.17
CHEMBL1118158,CHEMBL1082490,O=C(CCc1nnnn1-c1ccccc1)C1CCCCC1,6.30
CHEMBL1118158,CHEMBL1085152,COc1ccc(C(=O)CSc2cnnn2-c2ccc(Cl)cc2)cc1OC,5.98
CHEMBL1118158,CHEMBL1084898,COc1ccc(C(=O)CSc2cnnn2-c2ccccc2OC)cc1OC,5.80
CHEMBL1118158,CHEMBL1085216,O=C(CCc1nnnn1C1CC1)c1ccccc1,5.10
CHEMBL1118158,CHEMBL1085612,O=C(CCc1cnnn1-c1cccc(Cl)c1)c1ccccc1,6.94
CHEMBL1118158,CHEMBL1083883,COc1ccc(C(=O)CSc2cnnn2C)cc1OC,5.66
CHEMBL1118158,CHEMBL1084561,O=C(CCc1cnnn1-c1ccsc1)c1ccccc1,5.96
CHEMBL1118158,CHEMBL1085867,O=C(CSc1cnnn1-c1ccccc1)c1ccco1,6.31
CHEMBL1118158,CHEMBL1084449,O=C(CCc1cnnn1-c1ccccc1)c1ccccc1,6.45
CHEMBL1118158,CHEMBL1086346,COc1ccc(C(=O)CSc2cnnn2-c2ccccc2)cc1OC,6.94
CHEMBL1118158,CHEMBL1082938,CC(=O)CSc1cnnn1-c1ccccc1,4.84
CHEMBL1118158,CHEMBL1083464,COc1cccc(-n2nncc2CCC(=O)c2ccccc2)c1,6.52
CHEMBL1118158,CHEMBL1086552,O=C(CCc1nnnn1-c1cccnc1)c1ccccc1,5.41
CHEMBL1118158,CHEMBL1084897,COc1ccc(C(=O)CSc2cnnn2-c2ccc(C)cc2C)cc1OC,6.00
CHEMBL1118158,CHEMBL1083465,N#Cc1ccc(-n2nncc2CCC(=O)c2ccccc2)cc1,6.16
CHEMBL1118158,CHEMBL1085613,O=C(CCc1cnnn1-c1ccc(Cl)cc1)c1ccccc1,6.24
CHEMBL1118158,CHEMBL1086563,O=C(CSc1cnnn1-c1ccccc1)c1ccc(F)cc1,5.89
CHEMBL1118158,CHEMBL1086319,Cc1cccc(-n2nncc2CCC(=O)c2ccccc2)c1,6.02
CHEMBL1118158,CHEMBL1083753,CC(C)(C)C(=O)C[S+]([O-])c1cnnn1-c1ccccc1,5.91
CHEMBL1118158,CHEMBL1082499,O=C(CCc1cnnn1Cc1ccccc1)c1ccccc1,5.68
CHEMBL1118158,CHEMBL1085963,COc1ccc(-c2nnnn2CCC(=O)c2ccccc2)cc1,6.31
CHEMBL1118158,CHEMBL1084562,COc1ccc(C(=O)CSc2cnnn2C2CCCCC2)cc1OC,6.74
CHEMBL1118158,CHEMBL1084056,CC(C)(C)C(=O)CS(=O)(=O)c1cnnn1-c1ccccc1,6.03
CHEMBL1118158,CHEMBL1084305,O=C(CCc1cnnn1C1CCCCC1)c1ccccc1,6.04
CHEMBL1118158,CHEMBL1084046,O=C(CCc1cnnn1-c1ccccc1)c1ccc(Cl)cc1,6.27
CHEMBL1118158,CHEMBL1084304,O=C(CCc1cnnn1C1CCCC1)c1ccccc1,6.01
CHEMBL1118158,CHEMBL1085143,COc1ccc(C(=O)CSc2cnnn2C(C)C)cc1OC,6.02
CHEMBL1118158,CHEMBL1084044,O=C(CCc1nnnn1-c1ccccc1)c1ccc(F)cc1,5.34
CHEMBL1118158,CHEMBL1084045,O=C(CCc1cnnn1-c1ccccc1)c1cccc(Cl)c1,6.51
CHEMBL1118158,CHEMBL1085144,COc1ccc(C(=O)CSc2cnnn2C(C)(C)C)cc1OC,5.78
CHEMBL1118158,CHEMBL1082768,O=C(CCn1nnnc1-c1cccc(Cl)c1)c1ccccc1,5.96
CHEMBL1804458,CHEMBL1800762,Clc1cccc(Cl)c1COc1cccn2c(C3CCCCCC3)nnc12,6.24
CHEMBL1804458,CHEMBL1800764,Clc1cccc(Cl)c1Oc1cccn2c(C3CCCCCC3)nnc12,7.44
CHEMBL1804458,CHEMBL1800763,Clc1cccc(Cl)c1COCc1cccn2c(C3CCCCCC3)nnc12,7.47
CHEMBL1804458,CHEMBL1800127,CC(=O)N1CCC(c2nnc3c(Oc4cccc(Cl)c4C)cccn23)CC1,4.32
CHEMBL1804458,CHEMBL1800131,Cc1c(Cl)cccc1Oc1cccn2c(C34CC5CC(CC(O)(C5)C3)C4)nnc12,7.19
CHEMBL1804458,CHEMBL1800129,Cc1c(Cl)cccc1Oc1cccn2c(C34CCC(N)(CC3)CC4)nnc12,5.89
CHEMBL1804458,CHEMBL1800759,Clc1cccc(Cl)c1SCc1cccn2c(C3CCCCC3)nnc12,7.96
CHEMBL1804458,CHEMBL1800761,Clc1cccc(Cl)c1OCc1cccn2c(C3CCCCCC3)nnc12,7.96
CHEMBL1804458,CHEMBL1800118,COC1(c2nnc3c(Oc4cccc(Cl)c4C)cccn23)CCCCCC1,8.26
CHEMBL1804458,CHEMBL1800760,Clc1cccc(Cl)c1OCc1cccn2c(C3CCCCC3)nnc12,6.84
CHEMBL1804458,CHEMBL1800126,Cc1c(Cl)cccc1Oc1cccn2c(C3CCNC(=O)CC3)nnc12,4.85
CHEMBL1804458,CHEMBL1800124,Cc1c(Cl)cccc1Oc1cccn2c(C3CCC(=O)CC3)nnc12,5.11
CHEMBL1804458,CHEMBL1800130,Cc1c(Cl)cccc1Oc1cccn2c(C3CCCCCC3O)nnc12,6.71
CHEMBL1804458,CHEMBL1800134,Cc1c(Cl)cccc1Oc1cccn2c(C34CCC(O)(CC3)CC4)nnc12,7.92
CHEMBL1804458,CHEMBL1800133,Cc1c(Cl)cccc1Oc1cccn2c(C34CCC(F)(CC3)CC4)nnc12,8.07
CHEMBL1804458,CHEMBL1800123,Cc1c(Cl)cccc1Oc1cccn2c(C3CCC(C)(O)CC3)nnc12,6.43
CHEMBL1804458,CHEMBL1800119,COC12CC3CC(C1)CC(c1nnc4c(Oc5cccc(Cl)c5C)cccn14)(C3)C2,8.25
CHEMBL1804458,CHEMBL1800114,Clc1cc(Cl)cc(SCc2cccn3c(C4CCCCCC4)nnc23)c1,8.55
CHEMBL1804458,CHEMBL1800113,O=S(=O)(Nc1cccn2c(C3CCCCCC3)nnc12)c1c(Cl)cccc1Cl,5.06
CHEMBL1804458,CHEMBL1800116,Cc1c(Cl)cccc1Oc1cccn2c(C3CCCCCC3)nnc12,7.64
CHEMBL1804458,CHEMBL1800115,Cc1c(Cl)cccc1S(=O)(=O)NCc1cccn2c(C3CCCCCC3)nnc12,7.92
CHEMBL1804458,CHEMBL1800125,Cc1c(Cl)cccc1Oc1cccn2c(C3CCOCC3)nnc12,6.26
CHEMBL1804458,CHEMBL1800117,Cc1c(Cl)cccc1Oc1cccn2c(C34CCC(CC3)C4)nnc12,8.43
CHEMBL1804458,CHEMBL1800132,COC12CCC(c3nnc4c(Oc5cccc(Cl)c5C)cccn34)(CC1)CC2,7.14
CHEMBL1804458,CHEMBL1800122,Cc1c(Cl)cccc1Oc1cccn2c(C3CCC(F)(F)CC3)nnc12,6.03
CHEMBL1804458,CHEMBL1800112,O=S(=O)(NCc1cccn2c(C3CCCCCC3)nnc12)c1c(Cl)cccc1Cl,7.77
CHEMBL1804458,CHEMBL1800120,Cc1c(Cl)cccc1Oc1cccn2c([C@]34CCC(C[C@H]3O)C4(C)C)nnc12,8.09
CHEMBL1804458,CHEMBL1800121,Cc1c(Cl)cccc1Oc1cccn2c(CC3CC4CCC3C4)nnc12,6.79
CHEMBL1804458,CHEMBL1800765,O=S(=O)(Cc1cccn2c(C3CCCCCC3)nnc12)c1c(Cl)cccc1Cl,5.53
CHEMBL1804458,CHEMBL1800128,Cc1c(Cl)cccc1Oc1cccn2c(C34CCN(CC3)CC4)nnc12,4.79
CHEMBL1913237,CHEMBL1911692,N#Cc1ccc(-c2c(O)nc(SCc3ccccc3Cl)c3c2CCCC3)cc1,7.03
CHEMBL1913237,CHEMBL1911700,N#Cc1c(O)nc(SCc2ccccc2Cl)c2c1CCOC2,7.89
CHEMBL1913237,CHEMBL1909662,N#Cc1c(O)nc(S(=O)(=O)Cc2ccccc2Cl)c2c1CCCC2,6.62
CHEMBL1913237,CHEMBL1310160,N#Cc1c(O)nc(-c2ccccc2)c2c1CCCC2,5.55
CHEMBL1913237,CHEMBL1911697,N#Cc1ncccc1CSc1nc(O)c(C#N)c2c1CCCC2,8.52
CHEMBL1913237,CHEMBL1911687,N#Cc1c(O)nc(Sc2ccccc2Cl)c2c1CCCC2,7.51
CHEMBL1913237,CHEMBL1911696,N#Cc1c(O)nc(SCC2CCC2)c2c1CCCC2,8.05
CHEMBL1913237,CHEMBL1911691,Oc1nc(SCc2ccccc2Cl)c2c(c1Br)CCCC2,6.57
CHEMBL1913237,CHEMBL1911708,N#Cc1ncccc1CSc1nc(O)c(C#N)c2ccc(F)cc12,8.10
CHEMBL1913237,CHEMBL1911704,N#Cc1c(O)nc(SCc2ccccc2Cl)c2c(F)cccc12,8.22
CHEMBL1913237,CHEMBL1911587,N#Cc1c(O)nc(SCc2cccc(Cl)c2)c2c1CCCC2,7.80
CHEMBL1913237,CHEMBL1911707,N#Cc1c(O)nc(SCc2ccccc2Cl)c2cc(F)ccc12,8.70
CHEMBL1913237,CHEMBL1911695,N#Cc1c(O)nc(OCc2ccccc2Cl)c2c1CCCC2,8.52
CHEMBL1913237,CHEMBL1911702,N#Cc1c(O)nc(SCc2ccccc2Cl)c2ccccc12,8.40
CHEMBL1913237,CHEMBL1911689,N#Cc1ccc(F)c(CSc2nc(O)c(C#N)c3c2CCCC3)c1,7.96
CHEMBL1913237,CHEMBL1911703,N#Cc1c(O)nc(SCc2ccccc2Cl)c2cccc(F)c12,8.10
CHEMBL1913237,CHEMBL1911690,Oc1cc2c(c(SCc3ccccc3Cl)n1)CCCC2,5.16
CHEMBL1913237,CHEMBL1911591,CS(=O)(=O)c1ccccc1CSc1nc(O)c(C#N)c2c1CCCC2,7.31
CHEMBL1913237,CHEMBL1911709,N#Cc1c(O)nc(OCc2ccccc2Cl)c2cc(F)ccc12,8.10
CHEMBL1913237,CHEMBL1911584,N#Cc1c(O)nc(SCc2ccccc2Cl)nc1-c1ccccc1,7.57
CHEMBL1913237,CHEMBL1911705,N#Cc1c(O)nc(SCc2ccccc2Cl)c2ccc(F)cc12,8.10
CHEMBL1913237,CHEMBL1911590,N#Cc1c(O)nc(SCc2ccccc2-c2ccccc2)c2c1CCCC2,6.65
CHEMBL1913237,CHEMBL1911701,N#Cc1ncccc1CSc1nc(O)c(C#N)c2c1COCC2,7.92
CHEMBL1913237,CHEMBL1911706,N#Cc1ccc2c(C#N)c(O)nc(SCc3ccccc3Cl)c2c1,8.00
CHEMBL1913237,CHEMBL1911698,N#Cc1c(O)nc(SCc2ccccc2)c2c1-c1ccccc1CC2,8.30
CHEMBL1913237,CHEMBL1911688,N#Cc1c(O)nc(SCc2c(Cl)cccc2Cl)c2c1CCCC2,8.40
CHEMBL1913237,CHEMBL1911589,COc1ccccc1CSc1nc(O)c(C#N)c2c1CCCC2,6.87
CHEMBL1913237,CHEMBL1911694,N#Cc1c(O)nc(SCCc2ccccc2Cl)c2c1CCCC2,7.92
CHEMBL1913237,CHEMBL1911699,N#Cc1c(O)nc(SCc2ccccc2Cl)c2c1CCN(Cc1ccccc1)C2,6.98
CHEMBL1913237,CHEMBL1911586,N#Cc1c(O)nc(SCc2ccccc2)c2c1CCCC2,7.82
CHEMBL1913237,CHEMBL1911588,N#Cc1c(O)nc(SCc2ccc(Cl)cc2)c2c1CCCC2,7.07
CHEMBL1913237,CHEMBL1911592,N#Cc1ccccc1CSc1nc(O)c(C#N)c2c1CCCC2,8.15
CHEMBL1913237,CHEMBL1911585,N#Cc1c(O)nc(SCc2ccccc2Cl)c2c1CCCC2,8.30
CHEMBL2038006,CHEMBL2035599,CC(C)N(c1ccc([C@@](C)(O)C(F)(F)F)cc1)S(=O)(=O)c1ccccc1Cl,6.86
CHEMBL2038006,CHEMBL2035405,CC(C)N(c1ccc(C(C)(O)C(F)(F)F)cc1)S(=O)(=O)c1ccccc1C#N,7.54
CHEMBL2038006,CHEMBL2035430,CC(O)(c1ccc(N(c2ccccc2)S(=O)(=O)c2ccccc2Cl)cc1)C(F)(F)F,6.21
CHEMBL2038006,CHEMBL2035407,CC(C)N(c1ccc(C(C)(O)C(F)(F)F)cc1)S(=O)(=O)c1ccccc1[N+](=O)[O-],8.10
CHEMBL2038006,CHEMBL2035419,Cc1ccc(Cl)c(S(=O)(=O)N(c2ccc(C(C)(O)C(F)(F)F)cc2)C(C)C)c1,7.72
CHEMBL2038006,CHEMBL2035415,CC(C)N(c1ccc(C(C)(O)C(F)(F)F)cc1)S(=O)(=O)c1cc([N+](=O)[O-])ccc1Cl,7.82
CHEMBL2038006,CHEMBL2035420,CC(C)N(c1ccc(C(C)(O)C(F)(F)F)cc1)S(=O)(=O)c1cc(C(F)(F)F)ccc1Cl,7.33
CHEMBL2038006,CHEMBL2035406,CC(C)N(c1ccc(C(C)(O)C(F)(F)F)cc1)S(=O)(=O)c1ccccc1C(F)(F)F,7.15
CHEMBL2038006,CHEMBL2035429,CC(O)(c1ccc(N(CC(F)(F)F)S(=O)(=O)c2ccccc2Cl)cc1)C(F)(F)F,6.50
CHEMBL2038006,CHEMBL2035417,CC(=O)Nc1ccc(Cl)c(S(=O)(=O)N(c2ccc(C(C)(O)C(F)(F)F)cc2)C(C)C)c1,6.30
CHEMBL2038006,CHEMBL2035401,CC(C)N(c1ccc(C(C)(O)C(F)(F)F)cc1)S(=O)(=O)c1cccc(Cl)c1,7.66
CHEMBL2038006,CHEMBL2035418,CC(C)N(c1ccc(C(C)(O)C(F)(F)F)cc1)S(=O)(=O)c1cc(Br)ccc1Cl,7.72
CHEMBL2038006,CHEMBL2035424,CC(O)(c1ccc(N(C2CCC2)S(=O)(=O)c2ccccc2Cl)cc1)C(F)(F)F,7.34
CHEMBL2038006,CHEMBL2035416,CC(C)N(c1ccc(C(C)(O)C(F)(F)F)cc1)S(=O)(=O)c1cc(N)ccc1Cl,7.20
CHEMBL2038006,CHEMBL2035411,CC(C)N(c1ccc(C(C)(O)C(F)(F)F)cc1)S(=O)(=O)c1cccc(Cl)c1Cl,7.85
CHEMBL2038006,CHEMBL2035413,CC(C)N(c1ccc(C(C)(O)C(F)(F)F)cc1)S(=O)(=O)c1cc(Cl)ccc1Cl,8.05
CHEMBL2038006,CHEMBL2035409,CC(C)N(c1ccc(C(C)(O)C(F)(F)F)cc1)S(=O)(=O)c1ccccc1S(C)(=O)=O,6.26
CHEMBL2038006,CHEMBL2035427,CC(C)CN(c1ccc(C(C)(O)C(F)(F)F)cc1)S(=O)(=O)c1ccccc1Cl,6.73
CHEMBL2038006,CHEMBL2035426,CC(O)(c1ccc(N(CC2CC2)S(=O)(=O)c2ccccc2Cl)cc1)C(F)(F)F,6.95
CHEMBL2038006,CHEMBL2035408,CC(C)N(c1ccc(C(C)(O)C(F)(F)F)cc1)S(=O)(=O)c1ccccc1C1CC1,6.84
CHEMBL2038006,CHEMBL2035431,CC(C)N(c1ccc([C@](C)(O)C(F)(F)F)cc1)S(=O)(=O)c1ccccc1Cl,8.24
CHEMBL2038006,CHEMBL2035403,CC(C)N(c1ccc(C(C)(O)C(F)(F)F)cc1)S(=O)(=O)c1ccccc1Br,8.18
CHEMBL2038006,CHEMBL2035601,CC(C)N(c1ccc([C@@](C)(O)C(F)(F)F)cc1)S(=O)(=O)c1cc(Cl)ccc1Cl,6.70
CHEMBL2038006,CHEMBL2035425,CC(O)(c1ccc(N(C2CCCC2)S(=O)(=O)c2ccccc2Cl)cc1)C(F)(F)F,6.84
CHEMBL2038006,CHEMBL2035428,CC(O)(c1ccc(N(C(CF)CF)S(=O)(=O)c2ccccc2Cl)cc1)C(F)(F)F,7.54
CHEMBL2038006,CHEMBL2035423,CC(C)(C)N(c1ccc(C(C)(O)C(F)(F)F)cc1)S(=O)(=O)c1ccccc1Cl,7.38
CHEMBL2038006,CHEMBL2035422,CC(O)(c1ccc(N(C2CC2)S(=O)(=O)c2ccccc2Cl)cc1)C(F)(F)F,7.72
CHEMBL2038006,CHEMBL2035404,CC(C)N(c1ccc(C(C)(O)C(F)(F)F)cc1)S(=O)(=O)c1ccccc1F,8.00
CHEMBL2038006,CHEMBL2035421,CC(C)N(c1ccc(C(C)(O)C(F)(F)F)cc1)S(=O)(=O)c1cc(C2CC2)ccc1Cl,6.88
CHEMBL2038006,CHEMBL2035410,Cc1ccccc1S(=O)(=O)N(c1ccc(C(C)(O)C(F)(F)F)cc1)C(C)C,7.95
CHEMBL2038006,CHEMBL2035400,CC(C)N(c1ccc(C(C)(O)C(F)(F)F)cc1)S(=O)(=O)c1ccccc1Cl,8.05
CHEMBL2038006,CHEMBL2035600,CC(C)N(c1ccc([C@](C)(O)C(F)(F)F)cc1)S(=O)(=O)c1cc(Cl)ccc1Cl,8.66
CHEMBL2162049,CHEMBL2159071,Cc1ccc(C2(C(=O)N(C)Cc3cccs3)CC2)cc1,6.55
CHEMBL2162049,CHEMBL2159075,CN(Cc1cccs1)C(=O)C12CC3CC(CC(C3)C1)C2,6.64
CHEMBL2162049,CHEMBL1578968,O=C(NCc1cccs1)C12CC3CC(CC(C3)C1)C2,6.39
CHEMBL2162049,CHEMBL2159082,CN(Cc1ccsc1)C(=O)C12CC3CC(CC(C3)C1)C2,6.90
CHEMBL2162049,CHEMBL2158893,CN(Cc1cccn1C)C(=O)CC12CC3CC(CC(C3)C1)C2,6.18
CHEMBL2162049,CHEMBL2159083,CN(Cc1ccco1)C(=O)C12CC3CC(CC(C3)C1)C2,6.60
CHEMBL2162049,CHEMBL2159084,CN(Cc1cccn1C)C(=O)C12CC3CC(CC(C3)C1)C2,6.94
CHEMBL2162049,CHEMBL2159076,Cc1ccsc1CN(C)C(=O)C12CC3CC(CC(C3)C1)C2,6.56
CHEMBL2162049,CHEMBL2159072,CN(Cc1cccs1)C(=O)C1(c2ccc(Cl)cc2)CC1,5.81
CHEMBL2162049,CHEMBL2159085,Cn1cccc1CNC(=O)C12CC3CC(CC(C3)C1)C2,5.77
CHEMBL2162049,CHEMBL2159644,CN(CCc1cccs1)C(=O)C12CC3CC(CC(C3)C1)C2,6.35
CHEMBL2162049,CHEMBL2158892,CN(Cc1ccsc1)C(=O)CC12CC3CC(CC(C3)C1)C2,6.46
CHEMBL2162049,CHEMBL2159647,O=C(NCCc1ccccn1)C12CC3CC(CC(C3)C1)C2,6.42
CHEMBL2162049,CHEMBL2158890,CN(Cc1cccs1)C(=O)CC12CC3CC(CC(C3)C1)C2,6.51
CHEMBL2162049,CHEMBL2159069,CN(Cc1cccs1)C(=O)C12CC3CC(CC1C3)C2,5.97
CHEMBL2162049,CHEMBL2159073,CN(Cc1cccs1)C(=O)C1(c2ccc(Cl)cc2)CCC1,6.42
CHEMBL2162049,CHEMBL109347,O=C(NCc1cccnc1)C12CC3CC(CC(C3)C1)C2,6.17
CHEMBL2162049,CHEMBL2159646,CN(CCc1ccccn1)C(=O)C12CC3CC(CC(C3)C1)C2,6.78
CHEMBL2162049,CHEMBL2159638,CN(Cc1cccc(N)c1)C(=O)C12CC3CC(CC(C3)C1)C2,6.93
CHEMBL2162049,CHEMBL2159066,Cn1cccc1CNC(=O)CC12CC3CC(CC(C3)C1)C2,5.54
CHEMBL2162049,CHEMBL2159074,CN(Cc1cccs1)C(=O)C1(c2ccc(Cl)cc2)CCCC1,5.66
CHEMBL2162049,CHEMBL2159070,CN(Cc1cccs1)C(=O)C1(C)CCCCC1,5.44
CHEMBL2162049,CHEMBL2159645,O=C(NCCc1cccs1)C12CC3CC(CC(C3)C1)C2,6.17
CHEMBL3291633,CHEMBL3291337,Cn1c2c(c(=O)n1-c1ccccc1)[C@H]1CC[C@]2(C)C1(C)C,7.51
CHEMBL3291633,CHEMBL3291355,COc1cccc(-n2c(=O)c3c(n2C)[C@]2(C)CC[C@H]3C2(C)C)c1,7.64
CHEMBL3291633,CHEMBL3291348,Cn1c2c(c(=O)n1-c1cc(Cl)ccc1Cl)[C@H]1CC[C@]2(C)C1(C)C,8.15
CHEMBL3291633,CHEMBL3291351,Cc1ccc(-n2c(=O)c3c(n2C)[C@]2(C)CC[C@H]3C2(C)C)cc1,7.05
CHEMBL3291633,CHEMBL3291354,Cn1c2c(c(=O)n1-c1ccccc1Cl)[C@H]1CC[C@]2(C)C1(C)C,7.85
CHEMBL3291633,CHEMBL3291353,Cn1c2c(c(=O)n1-c1ccccn1)[C@H]1CC[C@]2(C)C1(C)C,6.20
CHEMBL3291633,CHEMBL3291346,CC1(C)[C@@H]2CC[C@@]1(C)c1c2c(=O)n(-c2ccc(F)cc2F)n1Cc1ccccc1,8.05
CHEMBL3291633,CHEMBL3291340,CC1(C)[C@@H]2CC[C@@]1(C)c1c2c(=O)n(-c2ccccc2)n1Cc1ccccc1,8.00
CHEMBL3291633,CHEMBL3291342,CC(C)n1c2c(c(=O)n1-c1ccccc1F)[C@H]1CC[C@]2(C)C1(C)C,7.89
CHEMBL3291633,CHEMBL3291347,CC1(C)[C@@H]2CC[C@@]1(C)c1c2c(=O)n(-c2ccc(F)cc2F)n1CCc1ccccc1,7.85
CHEMBL3291633,CHEMBL3291344,CC1(C)[C@@H]2CC[C@@]1(C)c1c2c(=O)n(-c2ccccc2F)n1Cc1ccccc1,8.15
CHEMBL3291633,CHEMBL3291356,Cn1c2c(c(=O)n1Cc1ccccc1)[C@H]1CC[C@]2(C)C1(C)C,7.51
CHEMBL3291633,CHEMBL3291343,C=CCn1c2c(c(=O)n1-c1ccccc1F)[C@H]1CC[C@]2(C)C1(C)C,7.66
CHEMBL3291633,CHEMBL3291358,Cc1ccccc1-c1cccc(Cn2c(=O)c3c(n2C)[C@]2(C)CC[C@H]3C2(C)C)c1,7.82
CHEMBL3291633,CHEMBL3291339,CCn1c2c(c(=O)n1-c1ccccc1)[C@H]1CC[C@]2(C)C1(C)C,8.05
CHEMBL3291633,CHEMBL3291341,CCCn1c2c(c(=O)n1-c1ccccc1F)[C@H]1CC[C@]2(C)C1(C)C,7.70
CHEMBL3291633,CHEMBL3291338,Cn1c2c(c(=O)n1-c1ccccc1)[C@@H]1CC[C@@]2(C)C1(C)C,7.22
CHEMBL3291633,CHEMBL3291350,Cn1c2c(c(=O)n1-c1cccc(I)c1)[C@H]1CC[C@]2(C)C1(C)C,8.10
CHEMBL3291633,CHEMBL3291357,Cn1c2c(c(=O)n1Cc1ccccc1C(F)(F)F)[C@H]1CC[C@]2(C)C1(C)C,8.40
CHEMBL3291633,CHEMBL3291345,Cn1c2c(c(=O)n1-c1ccccc1C(F)(F)F)[C@H]1CC[C@]2(C)C1(C)C,7.89
CHEMBL3395231,CHEMBL3394414,O=C(N[C@H]1C2CC3CC1C[C@](O)(C3)C2)c1cccc(N2CCN(c3ccc(O)cc3)CC2)n1,8.51
CHEMBL3395231,CHEMBL3394396,C[C@]1(O)CC[C@@H](N(C(=O)c2cccc(N3CCCCC3)n2)C2CC2)CC1,8.34
CHEMBL3395231,CHEMBL3394407,NC(=O)CCC1CCN(c2cccc(C(=O)N[C@H]3C4CC5CC3C[C@](O)(C5)C4)n2)CC1,8.39
CHEMBL3395231,CHEMBL3394413,O=C(N[C@H]1C2CC3CC1C[C@](O)(C3)C2)c1cccc(N2CCN(c3ccccn3)CC2)n1,8.43
CHEMBL3395231,CHEMBL3394411,O=C(N[C@H]1C2CC3CC1C[C@](O)(C3)C2)c1cccc(N2CCN(Cc3cccnc3)CC2)n1,8.14
CHEMBL3395231,CHEMBL3394393,O=C(c1cccc(N2CCCCC2)n1)N(C1CC1)[C@H]1CC[C@H](O)CC1,7.68
CHEMBL3395231,CHEMBL3394395,C[C@]1(O)CC[C@H](N(C(=O)c2cccc(N3CCCCC3)n2)C2CC2)CC1,8.19
CHEMBL3395231,CHEMBL3394392,O=C(N[C@H]1CC[C@H](O)CC1)c1cccc(N2CCCCC2)n1,7.57
CHEMBL3395231,CHEMBL3394391,O=C(NC1CCCCC1)c1cccc(N2CCCCC2)n1,7.24
CHEMBL3395231,CHEMBL3394410,O=C(N[C@H]1C2CC3CC1C[C@](O)(C3)C2)c1cccc(N2CCN(Cc3ccccn3)CC2)n1,8.02
CHEMBL3395231,CHEMBL3394400,O=C(N[C@H]1C2CC3CC1C[C@](O)(C3)C2)c1cccc(N2CCC(O)(C(F)(F)F)CC2)n1,8.57
CHEMBL3395231,CHEMBL3394401,CC1(O)CCN(c2cccc(C(=O)N[C@H]3C4CC5CC3C[C@](O)(C5)C4)n2)CC1,8.41
CHEMBL3395231,CHEMBL3394406,O=C(O)CC1CCN(c2cccc(C(=O)N[C@H]3C4CC5CC3C[C@](O)(C5)C4)n2)CC1,7.75
CHEMBL3395231,CHEMBL3394398,O=C(c1cccc(N2CCCCC2)n1)N(C1CC1)[C@H]1CC[C@](O)(C(F)(F)F)CC1,7.89
CHEMBL3395231,CHEMBL3394394,O=C(c1cccc(N2CCCCC2)n1)N(C1CC1)[C@H]1CC[C@@H](O)CC1,8.74
CHEMBL3395231,CHEMBL3394415,N#Cc1ccc(N2CCN(c3cccc(C(=O)N[C@H]4C5CC6CC4C[C@](O)(C6)C5)n3)CC2)cc1,8.55
CHEMBL3395231,CHEMBL3394403,O=C(N[C@H]1C2CC3CC1C[C@](O)(C3)C2)c1cccc(N2CCC(O)(c3ccccc3)CC2)n1,8.49
CHEMBL3395231,CHEMBL3394408,O=C(O)CCC1CCN(c2cccc(C(=O)N[C@H]3C4CC5CC3C[C@](O)(C5)C4)n2)CC1,8.06
CHEMBL3395231,CHEMBL3394412,O=C(N[C@H]1C2CC3CC1C[C@](O)(C3)C2)c1cccc(N2CCN(c3ccccc3)CC2)n1,8.42
CHEMBL3395231,CHEMBL3394399,O=C(N[C@H]1C2CC3CC1C[C@](O)(C3)C2)c1cccc(N2CCCCC2)n1,8.77
CHEMBL3395231,CHEMBL3394397,O=C(c1cccc(N2CCCCC2)n1)N(C1CC1)[C@H]1CC[C@@](O)(C(F)(F)F)CC1,8.43
CHEMBL3395231,CHEMBL3394402,O=C(N[C@H]1C2CC3CC1C[C@](O)(C3)C2)c1cccc(N2CCC(O)(C3CC3)CC2)n1,8.49
CHEMBL3395231,CHEMBL3394409,O=C(N[C@H]1C2CC3CC1C[C@](O)(C3)C2)c1cccc(N2CCN(Cc3ccccc3)CC2)n1,8.17
CHEMBL3395231,CHEMBL3394404,O=C(N[C@H]1C2CC3CC1C[C@](O)(C3)C2)c1cccc(N2CCC(CO)CC2)n1,8.72
CHEMBL3395231,CHEMBL3394405,NC(=O)CC1CCN(c2cccc(C(=O)N[C@H]3C4CC5CC3C[C@](O)(C5)C4)n2)CC1,8.18
CHEMBL3404742,CHEMBL3401677,C[C@@H]1CN(c2ccc(C#N)cc2)CCN1c1cccc(C(=O)N[C@H]2C3CC4CC2C[C@](O)(C4)C3)n1,8.27
CHEMBL3404742,CHEMBL3401660,N#Cc1ccc(C2CCN(c3cccc(C(=O)N[C@H]4C5CC6CC4C[C@](O)(C6)C5)n3)CC2)cc1,7.24
CHEMBL3404742,CHEMBL3401680,COc1ccc(N2CCN(c3cccc(C(=O)N[C@H]4C5CC6CC4C[C@](O)(C6)C5)n3)[C@@H](C)C2)cc1,7.85
CHEMBL3404742,CHEMBL3401676,NC(=O)c1ccc(N2CCN(c3cccc(C(=O)N[C@H]4C5CC6CC4C[C@](O)(C6)C5)n3)CC2)c(Cl)c1,8.11
CHEMBL3404742,CHEMBL3401674,NC(=O)c1ccc(N2CCN(c3cccc(C(=O)N[C@H]4C5CC6CC4C[C@](O)(C6)C5)n3)CC2)cc1F,7.92
CHEMBL3404742,CHEMBL3401682,C[C@H]1CN(c2ccc(S(C)(=O)=O)cc2)CCN1c1cccc(C(=O)N[C@H]2C3CC4CC2C[C@](O)(C4)C3)n1,8.17
CHEMBL3404742,CHEMBL3401661,N#Cc1ccc(C2CCN(c3cccc(C(=O)N[C@H]4C5CC6CC4C[C@](O)(C6)C5)n3)CC2)nc1,7.54
CHEMBL3404742,CHEMBL3401665,O=C(N[C@H]1C2CC3CC1C[C@](O)(C3)C2)c1cccc(N2CCN(c3ccc(Cl)cc3)CC2)n1,8.02
CHEMBL3404742,CHEMBL3401664,O=C(N[C@H]1C2CC3CC1C[C@](O)(C3)C2)c1cccc(N2CCN(c3ccc(F)cc3)CC2)n1,7.72
CHEMBL3404742,CHEMBL3401683,C[C@@H]1CN(c2ccc(C(N)=O)cc2)CCN1c1cccc(C(=O)N[C@H]2C3CC4CC2C[C@](O)(C4)C3)n1,8.09
CHEMBL3404742,CHEMBL3401662,N#Cc1ccc(N2CCC(c3cccc(C(=O)N[C@H]4C5CC6CC4C[C@](O)(C6)C5)n3)CC2)cc1,7.96
CHEMBL3404742,CHEMBL3401669,O=C(N[C@H]1C2CC3CC1C[C@](O)(C3)C2)c1cccc(N2CCN(c3ccc([N+](=O)[O-])cc3)CC2)n1,7.96
CHEMBL3404742,CHEMBL3401678,C[C@H]1CN(c2ccc(C#N)cc2)CCN1c1cccc(C(=O)N[C@H]2C3CC4CC2C[C@](O)(C4)C3)n1,8.01
CHEMBL3404742,CHEMBL3401668,COc1ccc(N2CCN(c3cccc(C(=O)N[C@H]4C5CC6CC4C[C@](O)(C6)C5)n3)CC2)cc1,7.82
CHEMBL3404742,CHEMBL3401685,C[C@@H]1CN(c2ccc(C(C)(C)O)cc2)CCN1c1cccc(C(=O)N[C@H]2C3CC4CC2C[C@](O)(C4)C3)n1,8.31
CHEMBL3404742,CHEMBL3401663,N#Cc1ccc(N2CCC(c3cccc(C(=O)N[C@H]4C5CC6CC4C[C@](O)(C6)C5)n3)CC2)nc1,7.75
CHEMBL3404742,CHEMBL3401667,Cc1ccc(N2CCN(c3cccc(C(=O)N[C@H]4C5CC6CC4C[C@](O)(C6)C5)n3)CC2)cc1,7.46
CHEMBL3404742,CHEMBL3401673,N#Cc1ccc(N2CCN(c3cccc(C(=O)N[C@H]4C5CC6CC4C[C@](O)(C6)C5)n3)CC2)cc1F,7.66
CHEMBL3404742,CHEMBL3401666,O=C(N[C@H]1C2CC3CC1C[C@](O)(C3)C2)c1cccc(N2CCN(c3ccc(C(F)(F)F)cc3)CC2)n1,7.64
CHEMBL3404742,CHEMBL3394415,N#Cc1ccc(N2CCN(c3cccc(C(=O)N[C@H]4C5CC6CC4C[C@](O)(C6)C5)n3)CC2)cc1,8.17
CHEMBL3404742,CHEMBL3401681,C[C@@H]1CN(c2ccc(S(C)(=O)=O)cc2)CCN1c1cccc(C(=O)N[C@H]2C3CC4CC2C[C@](O)(C4)C3)n1,8.51
CHEMBL3404742,CHEMBL3401659,N#Cc1ccc(N2CCN(c3cccc(C(=O)N[C@H]4C5CC6CC4C[C@](O)(C6)C5)n3)CC2)nc1,7.92
CHEMBL3404742,CHEMBL3401684,CNC(=O)c1ccc(N2CCN(c3cccc(C(=O)N[C@H]4C5CC6CC4C[C@](O)(C6)C5)n3)[C@H](C)C2)cc1,8.04
CHEMBL3404742,CHEMBL3401679,COc1ccc(N2CCN(c3cccc(C(=O)N[C@H]4C5CC6CC4C[C@](O)(C6)C5)n3)[C@H](C)C2)cc1,8.22
CHEMBL3404742,CHEMBL3401672,NC(=O)c1ccc(N2CCN(c3cccc(C(=O)N[C@H]4C5CC6CC4C[C@](O)(C6)C5)n3)CC2)cc1,7.68
CHEMBL3404742,CHEMBL3401671,CS(=O)(=O)c1ccc(N2CCN(c3cccc(C(=O)N[C@H]4C5CC6CC4C[C@](O)(C6)C5)n3)CC2)cc1,8.41
CHEMBL3404742,CHEMBL3401675,N#Cc1ccc(N2CCN(c3cccc(C(=O)N[C@H]4C5CC6CC4C[C@](O)(C6)C5)n3)CC2)c(Cl)c1,7.89
CHEMBL3404742,CHEMBL3401670,Nc1ccc(N2CCN(c3cccc(C(=O)N[C@H]4C5CC6CC4C[C@](O)(C6)C5)n3)CC2)cc1,7.39
CHEMBL4681492,CHEMBL4780484,CNC(=O)c1ccc(N2CCN(c3cccc(C(=O)NC4C5CC6CC4CC(O)(C6)C5)n3)[C@H](C)C2)cc1,8.04
CHEMBL4681492,CHEMBL4750382,C[C@@H]1CN(c2ccc(C(N)=O)nc2)CCN1c1cccc(C(=O)NC2C3CC4CC2CC(O)(C4)C3)n1,8.43
CHEMBL4681492,CHEMBL4747303,C[C@@H]1CN(c2ccc(S(C)(=O)=O)cc2Cl)CCN1c1nccc(C(=O)NC2C3CC4CC2CC(O)(C4)C3)n1,8.12
CHEMBL4681492,CHEMBL4741286,C[C@@H]1CN(c2ccc(C(=O)O)cc2)CCN1c1cccc(C(=O)NC2C3CC4CC2CC(O)(C4)C3)n1,7.01
CHEMBL4681492,CHEMBL4756835,C[C@@H]1CN(c2c(F)cc(S(C)(=O)=O)cc2F)CCN1c1nccc(C(=O)NC2C3CC4CC2CC(O)(C4)C3)n1,7.92
CHEMBL4681492,CHEMBL4779099,C[C@@H]1CN(c2ccc(C(C)(C)O)cc2)CCN1c1nccc(C(=O)NC2C3CC4CC2CC(O)(C4)C3)n1,8.04
CHEMBL4681492,CHEMBL4788862,C[C@@H]1CN(c2ccc(S(C)(=O)=O)cc2)CCN1c1nccc(C(=O)NC2C3CC4CC2CC(O)(C4)C3)n1,8.07
CHEMBL4681492,CHEMBL4759459,Cc1cc(S(C)(=O)=O)ccc1N1CCN(c2nccc(C(=O)NC3C4CC5CC3CC(O)(C5)C4)n2)[C@H](C)C1,8.09
CHEMBL4681492,CHEMBL4762396,C[C@@H]1CN(c2ccc(C(C)(C)O)cc2F)CCN1c1nccc(C(=O)NC2C3CC4CC2CC(O)(C4)C3)n1,8.06
CHEMBL4681492,CHEMBL4756971,C[C@@H]1CN(c2ccc(C(F)(F)F)cc2)CCN1c1nccc(C(=O)NC2C3CC4CC2CC(O)(C4)C3)n1,7.75
CHEMBL4681492,CHEMBL4783201,C[C@@H]1CN(c2ccc(F)cc2)CCN1c1nccc(C(=O)NC2C3CC4CC2CC(O)(C4)C3)n1,7.66
CHEMBL4681492,CHEMBL4743768,C[C@@H]1CN(c2ccc(S(N)(=O)=O)cc2)CCN1c1cccc(C(=O)NC2C3CC4CC2CC(O)(C4)C3)n1,8.01
CHEMBL4681492,CHEMBL4742750,C[C@@H]1CN(c2ccc(C(N)=O)cc2)CCN1c1cccc(C(=O)NC2C3CC4CC2CC(O)(C4)C3)n1,8.09
CHEMBL4681492,CHEMBL4754773,C[C@@H]1CN(c2ccc(Cl)cc2)CCN1c1nccc(C(=O)NC2C3CC4CC2CC(O)(C4)C3)n1,7.68
CHEMBL4681492,CHEMBL4748750,C[C@@H]1CN(c2ccc(S(C)(=O)=O)cc2F)CCN1c1nccc(C(=O)NC2C3CC4CC2CC(O)(C4)C3)n1,8.36
CHEMBL4681492,CHEMBL4779054,CNC(=O)c1ccc(N2CCN(c3cccc(C(=O)NC4C5CC6CC4CC(O)(C6)C5)n3)[C@H](C)C2)cn1,8.55
CHEMBL4681492,CHEMBL4746670,CCS(=O)(=O)c1ccc(N2CCN(c3nccc(C(=O)NC4C5CC6CC4CC(O)(C6)C5)n3)[C@H](C)C2)c(F)c1,8.32
CHEMBL4681492,CHEMBL4759090,C[C@@H]1CN(c2ccc(C#N)cc2)CCN1c1nccc(C(=O)NC2C3CC4CC2CC(O)(C4)C3)n1,8.01
CHEMBL4681492,CHEMBL4747534,C[C@@H]1CN(c2ccc(S(C)(=O)=O)cc2)CCN1c1cccc(C(=O)NC2C3CC4CC2CC(O)(C4)C3)n1,8.51
CHEMBL4681492,CHEMBL4746745,C[C@@H]1CN(c2ccc(C(C)(C)O)nc2)CCN1c1cccc(C(=O)NC2C3CC4CC2CC(O)(C4)C3)n1,8.46
CHEMBL4681492,CHEMBL4785894,C[C@@H]1CN(c2cc(F)c(S(C)(=O)=O)cc2F)CCN1c1nccc(C(=O)NC2C3CC4CC2CC(O)(C4)C3)n1,8.12
CHEMBL4681492,CHEMBL4779594,CNS(=O)(=O)c1ccc(N2CCN(c3cccc(C(=O)NC4C5CC6CC4CC(O)(C6)C5)n3)[C@H](C)C2)cc1,8.37
